-- MySQL dump 10.13  Distrib 5.1.54, for apple-darwin9.8.0 (i386)
--
-- Host: localhost    Database: Cuentas
-- ------------------------------------------------------
-- Server version	5.1.54

/*!40101 SET @OLD_CHARACTER_SET_CLIENT=@@CHARACTER_SET_CLIENT */;
/*!40101 SET @OLD_CHARACTER_SET_RESULTS=@@CHARACTER_SET_RESULTS */;
/*!40101 SET @OLD_COLLATION_CONNECTION=@@COLLATION_CONNECTION */;
/*!40101 SET NAMES utf8 */;
/*!40103 SET @OLD_TIME_ZONE=@@TIME_ZONE */;
/*!40103 SET TIME_ZONE='+00:00' */;
/*!40014 SET @OLD_UNIQUE_CHECKS=@@UNIQUE_CHECKS, UNIQUE_CHECKS=0 */;
/*!40014 SET @OLD_FOREIGN_KEY_CHECKS=@@FOREIGN_KEY_CHECKS, FOREIGN_KEY_CHECKS=0 */;
/*!40101 SET @OLD_SQL_MODE=@@SQL_MODE, SQL_MODE='NO_AUTO_VALUE_ON_ZERO' */;
/*!40111 SET @OLD_SQL_NOTES=@@SQL_NOTES, SQL_NOTES=0 */;

--
-- Table structure for table `accounts`
--

DROP TABLE IF EXISTS `accounts`;
/*!40101 SET @saved_cs_client     = @@character_set_client */;
/*!40101 SET character_set_client = utf8 */;
CREATE TABLE `accounts` (
  `id` int(11) NOT NULL AUTO_INCREMENT,
  `number` varchar(255) COLLATE utf8_unicode_ci DEFAULT NULL,
  `entity_code` varchar(255) COLLATE utf8_unicode_ci DEFAULT NULL,
  `office_code` varchar(255) COLLATE utf8_unicode_ci DEFAULT NULL,
  `control_code` varchar(255) COLLATE utf8_unicode_ci DEFAULT NULL,
  `name` varchar(255) COLLATE utf8_unicode_ci DEFAULT NULL,
  `address` varchar(255) COLLATE utf8_unicode_ci DEFAULT NULL,
  `owner` varchar(255) COLLATE utf8_unicode_ci DEFAULT NULL,
  `owner_address` varchar(255) COLLATE utf8_unicode_ci DEFAULT NULL,
  `bic` varchar(255) COLLATE utf8_unicode_ci DEFAULT NULL,
  `iban` varchar(255) COLLATE utf8_unicode_ci DEFAULT NULL,
  `created_at` datetime DEFAULT NULL,
  `updated_at` datetime DEFAULT NULL,
  PRIMARY KEY (`id`)
) ENGINE=InnoDB AUTO_INCREMENT=4 DEFAULT CHARSET=utf8 COLLATE=utf8_unicode_ci;
/*!40101 SET character_set_client = @saved_cs_client */;

--
-- Dumping data for table `accounts`
--

LOCK TABLES `accounts` WRITE;
/*!40000 ALTER TABLE `accounts` DISABLE KEYS */;
INSERT INTO `accounts` VALUES (1,'0000928162','3183','4100','12','personal','','52478208M - GOMEZ BLASCO, DANIEL','c/Pedro Miguel, 11. 41003 Sevilla','CASDESBB','ES57 3183 4100 1200 0092 8162','2010-04-08 11:40:57','2010-04-08 11:42:07'),(2,'0000738356','3183','4100','10','calc-iva','','G91656058 - C A L C DISEÑO, S.C.','c/Amor de Dios, 44. 1º. 41002 Sevilla','CASDESBB','ES45 3183 4100 1000 0073 8356','2010-04-08 11:40:57','2010-04-08 11:41:54'),(3,'0000738388','3183','4100','11','calc','','G91656058 - C A L C DISEÑO, S.C.','c/Amor de Dios, 44. 1. 41002 Sevilla','CASDESBB','ES89 3183 4100 1100 0073 8388','2010-04-08 11:40:57','2010-04-08 11:41:27');
/*!40000 ALTER TABLE `accounts` ENABLE KEYS */;
UNLOCK TABLES;

--
-- Table structure for table `activities`
--

DROP TABLE IF EXISTS `activities`;
/*!40101 SET @saved_cs_client     = @@character_set_client */;
/*!40101 SET character_set_client = utf8 */;
CREATE TABLE `activities` (
  `id` int(11) NOT NULL AUTO_INCREMENT,
  `user_id` int(11) DEFAULT NULL,
  `account_id` int(11) DEFAULT NULL,
  `resource_id` int(11) DEFAULT NULL,
  `resource_type` varchar(255) COLLATE utf8_unicode_ci DEFAULT NULL,
  `action` varchar(16) COLLATE utf8_unicode_ci DEFAULT NULL,
  `created_at` datetime DEFAULT NULL,
  `updated_at` datetime DEFAULT NULL,
  PRIMARY KEY (`id`)
) ENGINE=InnoDB DEFAULT CHARSET=utf8 COLLATE=utf8_unicode_ci;
/*!40101 SET character_set_client = @saved_cs_client */;

--
-- Dumping data for table `activities`
--

LOCK TABLES `activities` WRITE;
/*!40000 ALTER TABLE `activities` DISABLE KEYS */;
/*!40000 ALTER TABLE `activities` ENABLE KEYS */;
UNLOCK TABLES;

--
-- Table structure for table `holders`
--

DROP TABLE IF EXISTS `holders`;
/*!40101 SET @saved_cs_client     = @@character_set_client */;
/*!40101 SET character_set_client = utf8 */;
CREATE TABLE `holders` (
  `id` int(11) NOT NULL AUTO_INCREMENT,
  `user_id` int(11) DEFAULT NULL,
  `account_id` int(11) DEFAULT NULL,
  `rol` varchar(255) COLLATE utf8_unicode_ci DEFAULT 'owner',
  `created_at` datetime DEFAULT NULL,
  `updated_at` datetime DEFAULT NULL,
  PRIMARY KEY (`id`)
) ENGINE=InnoDB AUTO_INCREMENT=10 DEFAULT CHARSET=utf8 COLLATE=utf8_unicode_ci;
/*!40101 SET character_set_client = @saved_cs_client */;

--
-- Dumping data for table `holders`
--

LOCK TABLES `holders` WRITE;
/*!40000 ALTER TABLE `holders` DISABLE KEYS */;
INSERT INTO `holders` VALUES (1,1,3,'owner','2010-04-08 11:40:57','2010-04-08 11:40:57'),(2,2,3,'owner','2010-04-08 11:40:57','2010-04-08 11:40:57'),(3,3,3,'owner','2010-04-08 11:40:57','2010-04-08 11:40:57'),(4,4,3,'owner','2010-04-08 11:40:57','2010-04-08 11:40:57'),(5,1,2,'owner','2010-04-08 11:40:57','2010-04-08 11:40:57'),(6,2,2,'owner','2010-04-08 11:40:57','2010-04-08 11:40:57'),(7,3,2,'owner','2010-04-08 11:40:57','2010-04-08 11:40:57'),(8,4,2,'owner','2010-04-08 11:40:57','2010-04-08 11:40:57'),(9,3,1,'owner','2010-04-08 11:40:57','2010-04-08 11:40:57');
/*!40000 ALTER TABLE `holders` ENABLE KEYS */;
UNLOCK TABLES;

--
-- Table structure for table `month_summaries`
--

DROP TABLE IF EXISTS `month_summaries`;
/*!40101 SET @saved_cs_client     = @@character_set_client */;
/*!40101 SET character_set_client = utf8 */;
CREATE TABLE `month_summaries` (
  `id` int(11) NOT NULL AUTO_INCREMENT,
  `account_id` int(11) DEFAULT NULL,
  `year` int(11) DEFAULT NULL,
  `month` int(11) DEFAULT NULL,
  `positive_ammount` int(11) DEFAULT '0',
  `negative_ammount` int(11) DEFAULT '0',
  `before_balance` int(11) DEFAULT '0',
  `after_balance` int(11) DEFAULT '0',
  `tag_summary` varchar(255) COLLATE utf8_unicode_ci DEFAULT NULL,
  `comments` varchar(255) COLLATE utf8_unicode_ci DEFAULT NULL,
  `created_at` datetime DEFAULT NULL,
  `updated_at` datetime DEFAULT NULL,
  PRIMARY KEY (`id`),
  KEY `index_month_summaries_on_year` (`year`),
  KEY `index_month_summaries_on_month` (`month`)
) ENGINE=InnoDB AUTO_INCREMENT=166 DEFAULT CHARSET=utf8 COLLATE=utf8_unicode_ci;
/*!40101 SET character_set_client = @saved_cs_client */;

--
-- Dumping data for table `month_summaries`
--

LOCK TABLES `month_summaries` WRITE;
/*!40000 ALTER TABLE `month_summaries` DISABLE KEYS */;
INSERT INTO `month_summaries` VALUES (77,1,2010,1,384800,-114728,384800,270072,NULL,NULL,'2010-05-28 16:00:03','2010-05-28 16:00:03'),(78,1,2010,2,0,-88785,266072,181287,NULL,NULL,'2010-05-28 16:00:03','2010-05-28 16:00:03'),(79,1,2010,3,0,-105104,174287,76183,NULL,NULL,'2010-05-28 16:00:03','2010-05-28 16:00:03'),(80,1,2010,4,300000,-202506,72183,173677,NULL,NULL,'2010-05-28 16:00:03','2010-05-28 16:00:03'),(81,1,2010,5,0,-83860,170677,89817,NULL,NULL,'2010-05-28 16:00:03','2010-05-28 16:00:03'),(82,2,2007,6,590500,0,135720,590500,NULL,NULL,'2010-05-28 16:00:03','2010-05-28 16:00:03'),(83,2,2007,7,0,-479496,437214,111004,NULL,NULL,'2010-05-28 16:00:03','2010-05-28 16:00:03'),(84,2,2007,8,0,-9225,101779,101779,NULL,NULL,'2010-05-28 16:00:03','2010-05-28 16:00:03'),(85,2,2007,9,120353,-55793,212907,166339,NULL,NULL,'2010-05-28 16:00:03','2010-05-28 16:00:03'),(86,2,2007,10,0,-31548,134791,134791,NULL,NULL,'2010-05-28 16:00:03','2010-05-28 16:00:03'),(87,2,2007,11,63900,-45883,113791,152808,NULL,NULL,'2010-05-28 16:00:03','2010-05-28 16:00:03'),(88,2,2007,12,0,-15867,137808,136941,NULL,NULL,'2010-05-28 16:00:03','2010-05-28 16:00:03'),(89,2,2008,1,49000,-144422,185941,41519,NULL,NULL,'2010-05-28 16:00:03','2010-05-28 16:00:03'),(90,2,2008,2,59900,-22086,20519,79333,NULL,NULL,'2010-05-28 16:00:03','2010-05-28 16:00:03'),(91,2,2008,3,60000,-60570,139333,78763,NULL,NULL,'2010-05-28 16:00:03','2010-05-28 16:00:03'),(92,2,2008,4,116900,-3412,143963,192251,NULL,NULL,'2010-05-28 16:00:03','2010-05-28 16:00:03'),(93,2,2008,5,227333,-61842,388240,357742,NULL,NULL,'2010-05-28 16:00:03','2010-05-28 16:00:03'),(94,2,2008,6,0,-23800,335442,333942,NULL,NULL,'2010-05-28 16:00:03','2010-05-28 16:00:03'),(95,2,2008,7,7010,-281794,314442,59158,NULL,NULL,'2010-05-28 16:00:03','2010-05-28 16:00:03'),(96,2,2008,8,0,-3488,55670,55670,NULL,NULL,'2010-05-28 16:00:03','2010-05-28 16:00:03'),(97,2,2008,9,27200,-12947,82870,69923,NULL,NULL,'2010-05-28 16:00:03','2010-05-28 16:00:03'),(98,2,2008,10,0,-3793,66130,66130,NULL,NULL,'2010-05-28 16:00:03','2010-05-28 16:00:03'),(99,2,2008,11,0,-8120,61357,58010,NULL,NULL,'2010-05-28 16:00:03','2010-05-28 16:00:03'),(100,2,2008,12,0,-3915,54095,54095,NULL,NULL,'2010-05-28 16:00:03','2010-05-28 16:00:03'),(101,2,2009,1,0,-18968,50260,35127,NULL,NULL,'2010-05-28 16:00:03','2010-05-28 16:00:03'),(102,2,2009,2,0,-12412,26427,22715,NULL,NULL,'2010-05-28 16:00:03','2010-05-28 16:00:03'),(103,2,2009,3,0,-8004,18790,14711,NULL,NULL,'2010-05-28 16:00:03','2010-05-28 16:00:03'),(104,2,2009,4,0,-3610,11101,11101,NULL,NULL,'2010-05-28 16:00:03','2010-05-28 16:00:03'),(105,2,2009,5,17000,-8011,7707,20090,NULL,NULL,'2010-05-28 16:00:04','2010-05-28 16:00:04'),(106,2,2009,6,30000,-45819,50090,4271,NULL,NULL,'2010-05-28 16:00:04','2010-05-28 16:00:04'),(107,2,2009,7,30000,-3667,604,30604,NULL,NULL,'2010-05-28 16:00:04','2010-05-28 16:00:04'),(108,2,2009,8,0,-3495,27109,27109,NULL,NULL,'2010-05-28 16:00:04','2010-05-28 16:00:04'),(109,2,2009,9,0,-6757,23745,20352,NULL,NULL,'2010-05-28 16:00:04','2010-05-28 16:00:04'),(110,2,2009,10,0,-13582,10352,6770,NULL,NULL,'2010-05-28 16:00:04','2010-05-28 16:00:04'),(111,2,2009,11,10000,-10984,1969,5786,NULL,NULL,'2010-05-28 16:00:04','2010-05-28 16:00:04'),(112,2,2009,12,194350,-3740,10136,196396,NULL,NULL,'2010-05-28 16:00:04','2010-05-28 16:00:04'),(113,2,2010,1,0,-6884,193032,189512,NULL,NULL,'2010-05-28 16:00:05','2010-05-28 16:00:05'),(114,2,2010,2,0,-3749,185763,185763,NULL,NULL,'2010-05-28 16:00:05','2010-05-28 16:00:05'),(115,2,2010,3,0,0,185763,185763,NULL,NULL,'2010-05-28 16:00:05','2010-05-28 16:00:05'),(116,2,2010,4,0,0,185763,185763,NULL,NULL,'2010-05-28 16:00:05','2010-05-28 16:00:05'),(117,2,2010,5,0,0,185763,185763,NULL,NULL,'2010-05-28 16:00:05','2010-05-28 16:00:05'),(118,3,2007,6,360000,-318328,360000,41672,NULL,NULL,'2010-05-28 16:00:05','2010-05-28 16:00:05'),(119,3,2007,7,109400,-42449,65472,108623,NULL,NULL,'2010-05-28 16:00:05','2010-05-28 16:00:05'),(120,3,2007,8,300000,-52259,98813,356364,NULL,NULL,'2010-05-28 16:00:05','2010-05-28 16:00:05'),(121,3,2007,9,16000,-258623,341764,113741,NULL,NULL,'2010-05-28 16:00:05','2010-05-28 16:00:05'),(122,3,2007,10,0,-52259,103931,61482,NULL,NULL,'2010-05-28 16:00:05','2010-05-28 16:00:05'),(123,3,2007,11,488720,-419059,63222,131143,NULL,NULL,'2010-05-28 16:00:05','2010-05-28 16:00:05'),(124,3,2007,12,442800,-185879,223943,388064,NULL,NULL,'2010-05-28 16:00:05','2010-05-28 16:00:05'),(125,3,2008,1,134557,-506200,378254,16421,NULL,NULL,'2010-05-28 16:00:05','2010-05-28 16:00:05'),(126,3,2008,2,358208,-341393,128941,33236,NULL,NULL,'2010-05-28 16:00:05','2010-05-28 16:00:05'),(127,3,2008,3,215760,-170781,24146,78215,NULL,NULL,'2010-05-28 16:00:05','2010-05-28 16:00:05'),(128,3,2008,4,914816,-764075,69125,228956,NULL,NULL,'2010-05-28 16:00:05','2010-05-28 16:00:05'),(129,3,2008,5,0,-220314,219866,8642,NULL,NULL,'2010-05-28 16:00:05','2010-05-28 16:00:05'),(130,3,2008,6,409791,-356277,26989,62156,NULL,NULL,'2010-05-28 16:00:05','2010-05-28 16:00:05'),(131,3,2008,7,190000,-216407,53066,35749,NULL,NULL,'2010-05-28 16:00:05','2010-05-28 16:00:05'),(132,3,2008,8,480000,-349307,26659,166442,NULL,NULL,'2010-05-28 16:00:05','2010-05-28 16:00:05'),(133,3,2008,9,444236,-386100,214842,224578,NULL,NULL,'2010-05-28 16:00:05','2010-05-28 16:00:05'),(134,3,2008,10,488982,-606056,215488,107504,NULL,NULL,'2010-05-28 16:00:05','2010-05-28 16:00:05'),(135,3,2008,11,10440,-97975,99639,19969,NULL,NULL,'2010-05-28 16:00:05','2010-05-28 16:00:05'),(136,3,2008,12,1425320,-912287,51289,533002,NULL,NULL,'2010-05-28 16:00:05','2010-05-28 16:00:05'),(137,3,2009,1,175247,-348973,512002,359276,NULL,NULL,'2010-05-28 16:00:05','2010-05-28 16:00:05'),(138,3,2009,2,0,-124207,350186,235069,NULL,NULL,'2010-05-28 16:00:05','2010-05-28 16:00:05'),(139,3,2009,3,161014,-294745,217869,101338,NULL,NULL,'2010-05-28 16:00:05','2010-05-28 16:00:05'),(140,3,2009,4,65000,-128815,92469,37523,NULL,NULL,'2010-05-28 16:00:05','2010-05-28 16:00:05'),(141,3,2009,5,80000,-114891,20123,2632,NULL,NULL,'2010-05-28 16:00:05','2010-05-28 16:00:05'),(142,3,2009,6,282000,-263928,122632,20704,NULL,NULL,'2010-05-28 16:00:05','2010-05-28 16:00:05'),(143,3,2009,7,120000,-122488,20213,18216,NULL,NULL,'2010-05-28 16:00:05','2010-05-28 16:00:05'),(144,3,2009,8,50000,-53250,-533,14966,NULL,NULL,'2010-05-28 16:00:05','2010-05-28 16:00:05'),(145,3,2009,9,215760,-178666,188966,52060,NULL,NULL,'2010-05-28 16:00:05','2010-05-28 16:00:05'),(146,3,2009,10,60000,-108948,34060,3112,NULL,NULL,'2010-05-28 16:00:05','2010-05-28 16:00:05'),(147,3,2009,11,356558,-294497,22832,65173,NULL,NULL,'2010-05-28 16:00:05','2010-05-28 16:00:05'),(148,3,2009,12,946580,-305007,73293,706746,NULL,NULL,'2010-05-28 16:00:05','2010-05-28 16:00:05'),(149,3,2010,1,749400,-750207,703278,705939,NULL,NULL,'2010-05-28 16:00:05','2010-05-28 16:00:05'),(150,3,2010,2,377600,-526935,558028,556604,NULL,NULL,'2010-05-28 16:00:05','2010-05-28 16:00:05'),(151,3,2010,3,1816793,-104701,563954,2268696,NULL,NULL,'2010-05-28 16:00:05','2010-05-28 16:00:05'),(152,3,2010,4,136440,-657793,2272896,1772513,NULL,NULL,'2010-05-28 16:00:05','2010-05-28 16:00:05'),(153,3,2010,5,202513,-94138,1717343,1855718,NULL,NULL,'2010-05-28 16:00:06','2010-05-28 16:00:06'),(154,1,2010,6,0,-49283,1009434,973534,NULL,NULL,'2010-06-15 00:32:20','2010-06-15 00:32:20'),(155,1,2010,7,130000,-61001,974233,1059233,NULL,NULL,'2010-07-15 15:12:37','2010-07-15 15:12:37'),(156,1,2010,8,3165,-33050,991099,976164,NULL,NULL,'2010-08-12 07:30:14','2010-08-12 07:30:14'),(157,1,2010,9,11000,-124706,911455,814072,NULL,NULL,'2010-10-12 13:17:04','2010-10-12 13:17:04'),(158,1,2010,10,0,-56000,806656,791156,NULL,NULL,'2010-10-12 13:17:04','2010-10-12 13:17:04'),(159,3,2010,6,0,-57341,868377,841565,NULL,NULL,'2010-10-17 19:46:36','2010-10-17 19:46:36'),(160,3,2010,7,0,-81586,804491,759979,NULL,NULL,'2010-10-17 19:46:36','2010-10-17 19:46:36'),(161,3,2010,8,201403,-74211,722809,887171,NULL,NULL,'2010-10-17 19:46:36','2010-10-17 19:46:36'),(162,3,2010,9,0,-56523,857460,830648,NULL,NULL,'2010-10-17 19:46:36','2010-10-17 19:46:36'),(163,3,2010,10,0,-34288,801092,771190,NULL,NULL,'2010-10-17 19:46:36','2010-10-17 19:46:36'),(164,1,2010,11,51500,-104111,317554,217443,NULL,NULL,'2010-12-19 16:38:39','2010-12-19 16:38:39'),(165,1,2010,12,0,-55695,210509,161748,NULL,NULL,'2010-12-19 16:38:39','2010-12-19 16:38:39');
/*!40000 ALTER TABLE `month_summaries` ENABLE KEYS */;
UNLOCK TABLES;

--
-- Table structure for table `movements`
--

DROP TABLE IF EXISTS `movements`;
/*!40101 SET @saved_cs_client     = @@character_set_client */;
/*!40101 SET character_set_client = utf8 */;
CREATE TABLE `movements` (
  `id` int(11) NOT NULL AUTO_INCREMENT,
  `account_id` int(11) DEFAULT NULL,
  `code` varchar(255) COLLATE utf8_unicode_ci DEFAULT NULL,
  `date` varchar(255) COLLATE utf8_unicode_ci DEFAULT NULL,
  `ammount` int(11) DEFAULT NULL,
  `balance` int(11) DEFAULT NULL,
  `concept` varchar(255) COLLATE utf8_unicode_ci DEFAULT NULL,
  `comments` varchar(255) COLLATE utf8_unicode_ci DEFAULT NULL,
  `created_at` datetime DEFAULT NULL,
  `updated_at` datetime DEFAULT NULL,
  PRIMARY KEY (`id`),
  KEY `index_movements_on_date` (`date`)
) ENGINE=InnoDB AUTO_INCREMENT=812 DEFAULT CHARSET=utf8 COLLATE=utf8_unicode_ci;
/*!40101 SET character_set_client = @saved_cs_client */;

--
-- Dumping data for table `movements`
--

LOCK TABLES `movements` WRITE;
/*!40000 ALTER TABLE `movements` DISABLE KEYS */;
INSERT INTO `movements` VALUES (1,3,'20070625360000360000','20070625',360000,360000,'ABONO TRASPASO',NULL,'2010-04-08 11:43:38','2010-04-08 11:43:38'),(2,3,'20070626-84000276000','20070626',-84000,276000,'1/3 parte de PS - 30porci -BL',NULL,'2010-04-08 11:43:38','2010-04-08 11:43:38'),(3,3,'20070626-168000108000','20070626',-168000,108000,'2/3 de PS menos 30porci -BL',NULL,'2010-04-08 11:43:38','2010-04-08 11:43:38'),(4,3,'20070629-1857089430','20070629',-18570,89430,'RBO R.E.AUTONOMOS          -AQ',NULL,'2010-04-08 11:43:38','2010-04-08 11:43:38'),(5,3,'20070629-2387965551','20070629',-23879,65551,'RBO R.E.AUTONOMOS          -AQ',NULL,'2010-04-08 11:43:38','2010-04-08 11:43:38'),(6,3,'20070629-2387941672','20070629',-23879,41672,'RBO R.E.AUTONOMOS          -AQ',NULL,'2010-04-08 11:43:38','2010-04-08 11:43:38'),(7,3,'200707052380065472','20070705',23800,65472,'THOMAS ALEXANDER SCHEIDER',NULL,'2010-04-08 11:43:38','2010-04-08 11:43:38'),(8,3,'2007070648000113472','20070706',48000,113472,'THOMAS ALEXANDER SCHEIDER',NULL,'2010-04-08 11:43:38','2010-04-08 11:43:38'),(9,3,'2007071737600151072','20070717',37600,151072,'DANIEL GOMEZ BLASCO',NULL,'2010-04-08 11:43:38','2010-04-08 11:43:38'),(10,3,'20070731-18570132502','20070731',-18570,132502,'RBO R.E.AUTONOMOS          -AQ',NULL,'2010-04-08 11:43:38','2010-04-08 11:43:38'),(11,3,'20070731-23879108623','20070731',-23879,108623,'RBO R.E.AUTONOMOS          -AQ',NULL,'2010-04-08 11:43:38','2010-04-08 11:43:38'),(12,3,'20070810-981098813','20070810',-9810,98813,'JOSE MARIA SALVADOR BONILLA',NULL,'2010-04-08 11:43:38','2010-04-08 11:43:38'),(13,3,'20070816300000398813','20070816',300000,398813,'NOVARON ARCHITEKTUR BAUMA',NULL,'2010-04-08 11:43:38','2010-04-08 11:43:38'),(14,3,'20070831-18570380243','20070831',-18570,380243,'RBO R.E.AUTONOMOS          -AQ',NULL,'2010-04-08 11:43:38','2010-04-08 11:43:38'),(15,3,'20070831-23879356364','20070831',-23879,356364,'RBO R.E.AUTONOMOS          -AQ',NULL,'2010-04-08 11:43:38','2010-04-08 11:43:38'),(16,3,'20070906-14600341764','20070906',-14600,341764,'rest novaron -BL',NULL,'2010-04-08 11:43:38','2010-04-08 11:43:38'),(17,3,'20070906-50000291764','20070906',-50000,291764,'gea net -BL',NULL,'2010-04-08 11:43:38','2010-04-08 11:43:38'),(18,3,'20070906-11136280628','20070906',-11136,280628,'1295952-demosaica.com -BL',NULL,'2010-04-08 11:43:38','2010-04-08 11:43:38'),(19,3,'20070906-111128169500','20070906',-111128,169500,'impuestos e iva -BL',NULL,'2010-04-08 11:43:38','2010-04-08 11:43:38'),(20,3,'20070907-19500150000','20070907',-19500,150000,'novaron - segurida social -BL',NULL,'2010-04-08 11:43:38','2010-04-08 11:43:38'),(21,3,'20070910-9810140190','20070910',-9810,140190,'JOSE MARIA SALVADOR BONILLA',NULL,'2010-04-08 11:43:38','2010-04-08 11:43:38'),(22,3,'2007092716000156190','20070927',16000,156190,'SUELOS HIDRAULICOS DEMOSA',NULL,'2010-04-08 11:43:38','2010-04-08 11:43:38'),(23,3,'20070928-18570137620','20070928',-18570,137620,'RBO R.E.AUTONOMOS          -AQ',NULL,'2010-04-08 11:43:38','2010-04-08 11:43:38'),(24,3,'20070928-23879113741','20070928',-23879,113741,'RBO R.E.AUTONOMOS          -AQ',NULL,'2010-04-08 11:43:38','2010-04-08 11:43:38'),(25,3,'20071002-9810103931','20071002',-9810,103931,'JOSE MARIA SALVADOR BONILLA',NULL,'2010-04-08 11:43:38','2010-04-08 11:43:38'),(26,3,'20071031-1857085361','20071031',-18570,85361,'RBO R.E.AUTONOMOS          -AQ',NULL,'2010-04-08 11:43:38','2010-04-08 11:43:38'),(27,3,'20071031-2387961482','20071031',-23879,61482,'RBO R.E.AUTONOMOS          -AQ',NULL,'2010-04-08 11:43:38','2010-04-08 11:43:38'),(28,3,'20071106174063222','20071106',1740,63222,'MM INGENIA IDEAS SL',NULL,'2010-04-08 11:43:38','2010-04-08 11:43:38'),(29,3,'20071106-981053412','20071106',-9810,53412,'JOSE MARIA SALVADOR BONILLA',NULL,'2010-04-08 11:43:38','2010-04-08 11:43:38'),(30,3,'20071107-1500038412','20071107',-15000,38412,'CAJERO VISA 4036..013',NULL,'2010-04-08 11:43:38','2010-04-08 11:43:38'),(31,3,'2007111473080111492','20071114',73080,111492,'FUNDACION ESPA OLA PARA L',NULL,'2010-04-08 11:43:38','2010-04-08 11:43:38'),(32,3,'20071115300000411492','20071115',300000,411492,'NOVARON ARCHITEKTUR BAUMA',NULL,'2010-04-08 11:43:38','2010-04-08 11:43:38'),(33,3,'20071115-21900389592','20071115',-21900,389592,'30 po SI -BL',NULL,'2010-04-08 11:43:38','2010-04-08 11:43:38'),(34,3,'20071116-52100337492','20071116',-52100,337492,'si - MENOS 30po IMPUESTOS -BL',NULL,'2010-04-08 11:43:38','2010-04-08 11:43:38'),(35,3,'20071116-42000295492','20071116',-42000,295492,'impuestos novaron 2 -BL',NULL,'2010-04-08 11:43:38','2010-04-08 11:43:38'),(36,3,'20071119-81200214292','20071119',-81200,214292,'novaron - 2xseg.soc. -BL',NULL,'2010-04-08 11:43:38','2010-04-08 11:43:38'),(37,3,'20071119-110400103892','20071119',-110400,103892,'novaron - 1xseg.soc. -BL',NULL,'2010-04-08 11:43:38','2010-04-08 11:43:38'),(38,3,'20071129113900217792','20071129',113900,217792,'AUTONOME PROVINZ BOZEN',NULL,'2010-04-08 11:43:38','2010-04-08 11:43:38'),(39,3,'20071130-18570199222','20071130',-18570,199222,'RBO R.E.AUTONOMOS          -AQ',NULL,'2010-04-08 11:43:38','2010-04-08 11:43:38'),(40,3,'20071130-23879175343','20071130',-23879,175343,'RBO R.E.AUTONOMOS          -AQ',NULL,'2010-04-08 11:43:38','2010-04-08 11:43:38'),(41,3,'20071130-44200131143','20071130',-44200,131143,'gastos vuelos italia -BL',NULL,'2010-04-08 11:43:38','2010-04-08 11:43:38'),(42,3,'2007120792800223943','20071207',92800,223943,'FUNDACION ESPA OLA PARA L',NULL,'2010-04-08 11:43:38','2010-04-08 11:43:38'),(43,3,'20071210-9810214133','20071210',-9810,214133,'JOSE MARIA SALVADOR BONILLA',NULL,'2010-04-08 11:43:38','2010-04-08 11:43:38'),(44,3,'20071210-21300192833','20071210',-21300,192833,'calcy cristina dic espuma -BL',NULL,'2010-04-08 11:43:38','2010-04-08 11:43:38'),(45,3,'20071210-65000127833','20071210',-65000,127833,'rent dic p, t amor d dios -BL',NULL,'2010-04-08 11:43:38','2010-04-08 11:43:38'),(46,3,'20071212-20930106903','20071212',-20930,106903,'bolzano - auton y cris -BL',NULL,'2010-04-08 11:43:38','2010-04-08 11:43:38'),(47,3,'20071220-1280094103','20071220',-12800,94103,'TRANSFERENCIA ELECTRONICA -BL',NULL,'2010-04-08 11:43:38','2010-04-08 11:43:38'),(48,3,'20071226-1359080513','20071226',-13590,80513,'SEGUROS BILBAO',NULL,'2010-04-08 11:43:38','2010-04-08 11:43:38'),(49,3,'20071227350000430513','20071227',350000,430513,'NOVARON ARCHITEKTUR BAUMA',NULL,'2010-04-08 11:43:38','2010-04-08 11:43:38'),(50,3,'20071231-18570411943','20071231',-18570,411943,'RBO R.E.AUTONOMOS          -AQ',NULL,'2010-04-08 11:43:38','2010-04-08 11:43:38'),(51,3,'20071231-23879388064','20071231',-23879,388064,'RBO R.E.AUTONOMOS          -AQ',NULL,'2010-04-08 11:43:38','2010-04-08 11:43:38'),(52,3,'20080104-9810378254','20080104',-9810,378254,'JOSE MARIA SALVADOR BONILLA',NULL,'2010-04-08 11:43:38','2010-04-08 11:43:38'),(53,3,'2008010769600447854','20080107',69600,447854,'APY SOLIDARIDAD EN ACCION',NULL,'2010-04-08 11:43:38','2010-04-08 11:43:38'),(54,3,'20080108-28000419854','20080108',-28000,419854,'pam,omi,dani,teresa -BL',NULL,'2010-04-08 11:43:38','2010-04-08 11:43:38'),(55,3,'20080108-49000370854','20080108',-49000,370854,'imp.novaron 3.pago -BL',NULL,'2010-04-08 11:43:38','2010-04-08 11:43:38'),(56,3,'20080109-102800268054','20080109',-102800,268054,'novaron 3parte -BL',NULL,'2010-04-08 11:43:38','2010-04-08 11:43:38'),(57,3,'20080109-132000136054','20080109',-132000,136054,'novaron 3parte -BL',NULL,'2010-04-08 11:43:38','2010-04-08 11:43:38'),(58,3,'20080114-4870087354','20080114',-48700,87354,'dani apy menos 30porcient -BL',NULL,'2010-04-08 11:43:38','2010-04-08 11:43:38'),(59,3,'20080118-189085464','20080118',-1890,85464,'IM-21-110-1101610732914-G91656',NULL,'2010-04-08 11:43:38','2010-04-08 11:43:38'),(60,3,'200801221359099054','20080122',13590,99054,'Seguro Spuma -BL',NULL,'2010-04-08 11:43:38','2010-04-08 11:43:38'),(61,3,'2008012286799921','20080122',867,99921,'ADSL -BL',NULL,'2010-04-08 11:43:38','2010-04-08 11:43:38'),(62,3,'2008012410500110421','20080124',10500,110421,'charla bcn fpc -BL',NULL,'2010-04-08 11:43:38','2010-04-08 11:43:38'),(63,3,'20080129-10000010421','20080129',-100000,10421,'CHEQUE VENTANILLA 6275865',NULL,'2010-04-08 11:43:38','2010-04-08 11:43:38'),(64,3,'200801304000050421','20080130',40000,50421,'hacienda -BL',NULL,'2010-04-08 11:43:38','2010-04-08 11:43:38'),(65,3,'20080130-3400016421','20080130',-34000,16421,'hacienda -BL',NULL,'2010-04-08 11:43:38','2010-04-08 11:43:38'),(66,3,'20080208112520128941','20080208',112520,128941,'SUELOS HIDRAULICOS DEMOSA',NULL,'2010-04-08 11:43:38','2010-04-08 11:43:38'),(67,3,'20080211-6000068941','20080211',-60000,68941,'TRANSFERENCIA ELECTRONICA -BL',NULL,'2010-04-08 11:43:38','2010-04-08 11:43:38'),(68,3,'20080211-3000038941','20080211',-30000,38941,'TRANSFERENCIA ELECTRONICA -BL',NULL,'2010-04-08 11:43:38','2010-04-08 11:43:38'),(69,3,'2008021573080112021','20080215',73080,112021,'FUNDACION ESPA OLA PARA L',NULL,'2010-04-08 11:43:38','2010-04-08 11:43:38'),(70,3,'20080215-9090102931','20080215',-9090,102931,'JOSE MARIA SALVADOR BONILLA',NULL,'2010-04-08 11:43:38','2010-04-08 11:43:38'),(71,3,'20080218-7300029931','20080218',-73000,29931,'TRANSFERENCIA ELECTRONICA -BL',NULL,'2010-04-08 11:43:38','2010-04-08 11:43:38'),(72,3,'200802201160041531','20080220',11600,41531,'APY SOLIDARIDAD EN ACCION',NULL,'2010-04-08 11:43:38','2010-04-08 11:43:38'),(73,3,'20080227161008202539','20080227',161008,202539,'FUNDACION ESPA OLA PARA L',NULL,'2010-04-08 11:43:38','2010-04-08 11:43:38'),(74,3,'20080229-19021183518','20080229',-19021,183518,'RBO R.E.AUTONOMOS          -AQ',NULL,'2010-04-08 11:43:38','2010-04-08 11:43:38'),(75,3,'20080229-24435159083','20080229',-24435,159083,'RBO R.E.AUTONOMOS          -AQ',NULL,'2010-04-08 11:43:38','2010-04-08 11:43:38'),(76,3,'20080229-24435134648','20080229',-24435,134648,'RBO R.E.AUTONOMOS          -AQ',NULL,'2010-04-08 11:43:38','2010-04-08 11:43:38'),(77,3,'20080229-6500069648','20080229',-65000,69648,'t. y p. a.de dios 44 feb -BL',NULL,'2010-04-08 11:43:38','2010-04-08 11:43:38'),(78,3,'20080229-260067048','20080229',-2600,67048,'lo ke faltaba de SImagreb -BL',NULL,'2010-04-08 11:43:38','2010-04-08 11:43:38'),(79,3,'20080229-3381233236','20080229',-33812,33236,'ateil 01 SImagreb -BL',NULL,'2010-04-08 11:43:38','2010-04-08 11:43:38'),(80,3,'20080304-909024146','20080304',-9090,24146,'JOSE MARIA SALVADOR BONILLA',NULL,'2010-04-08 11:43:38','2010-04-08 11:43:38'),(81,3,'20080305696031106','20080305',6960,31106,'BANIELA NU EZ PROMOCIONES',NULL,'2010-04-08 11:43:38','2010-04-08 11:43:38'),(82,3,'20080305-1640014706','20080305',-16400,14706,'renta teresadaniomi marzo -BL',NULL,'2010-04-08 11:43:38','2010-04-08 11:43:38'),(83,3,'20080310-70007706','20080310',-7000,7706,'renta espuma pam marzo -BL',NULL,'2010-04-08 11:43:38','2010-04-08 11:43:38'),(84,3,'20080314208800216506','20080314',208800,216506,'publi agencia energia -BL',NULL,'2010-04-08 11:43:38','2010-04-08 11:43:38'),(85,3,'20080317-70400146106','20080317',-70400,146106,'publi sodean part.2 -BL',NULL,'2010-04-08 11:43:38','2010-04-08 11:43:38'),(86,3,'20080331-19021127085','20080331',-19021,127085,'RBO R.E.AUTONOMOS          -AQ',NULL,'2010-04-08 11:43:38','2010-04-08 11:43:38'),(87,3,'20080331-24435102650','20080331',-24435,102650,'RBO R.E.AUTONOMOS          -AQ',NULL,'2010-04-08 11:43:38','2010-04-08 11:43:38'),(88,3,'20080331-2443578215','20080331',-24435,78215,'RBO R.E.AUTONOMOS          -AQ',NULL,'2010-04-08 11:43:38','2010-04-08 11:43:38'),(89,3,'20080403-909069125','20080403',-9090,69125,'JOSE MARIA SALVADOR BONILLA',NULL,'2010-04-08 11:43:38','2010-04-08 11:43:38'),(90,3,'20080410-722561900','20080410',-7225,61900,'renta calc menos gastos -BL',NULL,'2010-04-08 11:43:38','2010-04-08 11:43:38'),(91,3,'20080411322016383916','20080411',322016,383916,'FUNDACION ESPA OLA PARA L',NULL,'2010-04-08 11:43:38','2010-04-08 11:43:38'),(92,3,'20080414-65000318916','20080414',-65000,318916,'renta a d dios abril pyt -BL',NULL,'2010-04-08 11:43:38','2010-04-08 11:43:38'),(93,3,'20080414-80200238716','20080414',-80200,238716,'TRANSFERENCIA ELECTRONICA -BL',NULL,'2010-04-08 11:43:38','2010-04-08 11:43:38'),(94,3,'20080414-80200158516','20080414',-80200,158516,'TRANSFERENCIA ELECTRONICA -BL',NULL,'2010-04-08 11:43:38','2010-04-08 11:43:38'),(95,3,'20080416500000658516','20080416',500000,658516,'INGRESO CHEQUE',NULL,'2010-04-08 11:43:38','2010-04-08 11:43:38'),(96,3,'20080421-116666541850','20080421',-116666,541850,'TRANSFERENCIA ELECTRONICA -BL',NULL,'2010-04-08 11:43:38','2010-04-08 11:43:38'),(97,3,'20080421-103666438184','20080421',-103666,438184,'sueldo feSt 01 -BL',NULL,'2010-04-08 11:43:38','2010-04-08 11:43:38'),(98,3,'20080421-129666308518','20080421',-129666,308518,'sueldo feSt 01 -BL',NULL,'2010-04-08 11:43:38','2010-04-08 11:43:38'),(99,3,'20080421-12345296173','20080421',-12345,296173,'IM-21-300-3001682227144-G91656',NULL,'2010-04-08 11:43:38','2010-04-08 11:43:38'),(100,3,'2008042992800388973','20080429',92800,388973,'FUNDACION ESPA OLA PARA L',NULL,'2010-04-08 11:43:38','2010-04-08 11:43:38'),(101,3,'20080430-18347370626','20080430',-18347,370626,'RBO R.E.AUTONOMOS          -AQ',NULL,'2010-04-08 11:43:38','2010-04-08 11:43:38'),(102,3,'20080430-24435346191','20080430',-24435,346191,'RBO R.E.AUTONOMOS          -AQ',NULL,'2010-04-08 11:43:38','2010-04-08 11:43:38'),(103,3,'20080430-24435321756','20080430',-24435,321756,'RBO R.E.AUTONOMOS          -AQ',NULL,'2010-04-08 11:43:38','2010-04-08 11:43:38'),(104,3,'20080430-65000256756','20080430',-65000,256756,'renta mayo a d dios44, 1 -BL',NULL,'2010-04-08 11:43:38','2010-04-08 11:43:38'),(105,3,'20080430-27800228956','20080430',-27800,228956,'30pc curro si pa y om -BL',NULL,'2010-04-08 11:43:38','2010-04-08 11:43:38'),(106,3,'20080506-9090219866','20080506',-9090,219866,'JOSE MARIA SALVADOR BONILLA',NULL,'2010-04-08 11:43:38','2010-04-08 11:43:38'),(107,3,'20080515-31344188522','20080515',-31344,188522,'iva fest 02 -BL',NULL,'2010-04-08 11:43:38','2010-04-08 11:43:38'),(108,3,'20080515-52881135641','20080515',-52881,135641,'TRANSFERENCIA ELECTRONICA -BL',NULL,'2010-04-08 11:43:38','2010-04-08 11:43:38'),(109,3,'20080515-5688178760','20080515',-56881,78760,'trecer parte fest02 -BL',NULL,'2010-04-08 11:43:38','2010-04-08 11:43:38'),(110,3,'20080519-1760061160','20080519',-17600,61160,'renta calc mayo menos tel -BL',NULL,'2010-04-08 11:43:38','2010-04-08 11:43:38'),(111,3,'20080523-1317147989','20080523',-13171,47989,'SEGUROS BILBAO',NULL,'2010-04-08 11:43:38','2010-04-08 11:43:38'),(112,3,'20080526-2100026989','20080526',-21000,26989,'calc eSpuma luzlimpagua -BL',NULL,'2010-04-08 11:43:38','2010-04-08 11:43:38'),(113,3,'20080530-183478642','20080530',-18347,8642,'RBO R.E.AUTONOMOS          -AQ',NULL,'2010-04-08 11:43:38','2010-04-08 11:43:38'),(114,3,'200806021834726989','20080602',18347,26989,'omi autonomo retour -BL',NULL,'2010-04-08 11:43:38','2010-04-08 11:43:38'),(115,3,'200806022784054829','20080602',27840,54829,'BANIELA NU EZ PROMOCIONES',NULL,'2010-04-08 11:43:38','2010-04-08 11:43:38'),(116,3,'20080602-2443530394','20080602',-24435,30394,'RBO R.E.AUTONOMOS',NULL,'2010-04-08 11:43:38','2010-04-08 11:43:38'),(117,3,'20080603-244355959','20080603',-24435,5959,'RBO R.E.AUTONOMOS',NULL,'2010-04-08 11:43:38','2010-04-08 11:43:38'),(118,3,'200806042440030359','20080604',24400,30359,'MARIA TERESA ALONSO NOVO',NULL,'2010-04-08 11:43:38','2010-04-08 11:43:38'),(119,3,'20080604-909021269','20080604',-9090,21269,'JOSE MARIA SALVADOR BONILLA',NULL,'2010-04-08 11:43:38','2010-04-08 11:43:38'),(120,3,'20080605205804227073','20080605',205804,227073,'LINGUISTIC SEARCH',NULL,'2010-04-08 11:43:38','2010-04-08 11:43:38'),(121,3,'20080609-84100142973','20080609',-84100,142973,'teile LSS p y o menos iva -BL',NULL,'2010-04-08 11:43:38','2010-04-08 11:43:38'),(122,3,'20080609-42050100923','20080609',-42050,100923,'teil SLL menos iva -BL',NULL,'2010-04-08 11:43:38','2010-04-08 11:43:38'),(123,3,'20080609-900100023','20080609',-900,100023,'renta calc meno tel y seg -BL',NULL,'2010-04-08 11:43:38','2010-04-08 11:43:38'),(124,3,'20080609-4205057973','20080609',-42050,57973,'cuarto parte d LSS -BL',NULL,'2010-04-08 11:43:38','2010-04-08 11:43:38'),(125,3,'200806113480092773','20080611',34800,92773,'SUELOS HIDRAULICOS DEMOSA',NULL,'2010-04-08 11:43:38','2010-04-08 11:43:38'),(126,3,'2008061140600133373','20080611',40600,133373,'schulden omi - calc -BL',NULL,'2010-04-08 11:43:38','2010-04-08 11:43:38'),(127,3,'2008061258000191373','20080612',58000,191373,'FUNDACION ESPA OLA PARA L',NULL,'2010-04-08 11:43:38','2010-04-08 11:43:38'),(128,3,'20080613-50000141373','20080613',-50000,141373,'layout SI menos IVA -BL',NULL,'2010-04-08 11:43:38','2010-04-08 11:43:38'),(129,3,'20080616-12000129373','20080616',-12000,129373,'demosaica menos iva -BL',NULL,'2010-04-08 11:43:38','2010-04-08 11:43:38'),(130,3,'20080630-18347111026','20080630',-18347,111026,'RBO R.E.AUTONOMOS          -AQ',NULL,'2010-04-08 11:43:38','2010-04-08 11:43:38'),(131,3,'20080630-2443586591','20080630',-24435,86591,'RBO R.E.AUTONOMOS          -AQ',NULL,'2010-04-08 11:43:38','2010-04-08 11:43:38'),(132,3,'20080630-2443562156','20080630',-24435,62156,'RBO R.E.AUTONOMOS          -AQ',NULL,'2010-04-08 11:43:38','2010-04-08 11:43:38'),(133,3,'20080703-909053066','20080703',-9090,53066,'JOSE MARIA SALVADOR BONILLA',NULL,'2010-04-08 11:43:38','2010-04-08 11:43:38'),(134,3,'20080716-10052966','20080716',-100,52966,'INTERESES DESCUBIERTOS',NULL,'2010-04-08 11:43:38','2010-04-08 11:43:38'),(135,3,'20080725190000242966','20080725',190000,242966,'FUNDACION ESPA OLA PARA L',NULL,'2010-04-08 11:43:38','2010-04-08 11:43:38'),(136,3,'20080728-140000102966','20080728',-140000,102966,'SI memo07 menos30 porcien -BL',NULL,'2010-04-08 11:43:38','2010-04-08 11:43:38'),(137,3,'20080731-1834784619','20080731',-18347,84619,'RBO R.E.AUTONOMOS          -AQ',NULL,'2010-04-08 11:43:38','2010-04-08 11:43:38'),(138,3,'20080731-2443560184','20080731',-24435,60184,'RBO R.E.AUTONOMOS          -AQ',NULL,'2010-04-08 11:43:38','2010-04-08 11:43:38'),(139,3,'20080731-2443535749','20080731',-24435,35749,'RBO R.E.AUTONOMOS          -AQ',NULL,'2010-04-08 11:43:38','2010-04-08 11:43:38'),(140,3,'20080806-909026659','20080806',-9090,26659,'JOSE MARIA SALVADOR BONILLA',NULL,'2010-04-08 11:43:38','2010-04-08 11:43:38'),(141,3,'200808114500071659','20080811',45000,71659,'AYUNTAMIENTO DE NAVIA',NULL,'2010-04-08 11:43:38','2010-04-08 11:43:38'),(142,3,'20080813435000506659','20080813',435000,506659,'INSA',NULL,'2010-04-08 11:43:38','2010-04-08 11:43:38'),(143,3,'20080818-213000293659','20080818',-213000,293659,'TRANSFERENCIA ELECTRONICA -BL',NULL,'2010-04-08 11:43:38','2010-04-08 11:43:38'),(144,3,'20080827-13500280159','20080827',-13500,280159,'demosaica - server-domain -BL',NULL,'2010-04-08 11:43:38','2010-04-08 11:43:38'),(145,3,'20080827-13500266659','20080827',-13500,266659,'demosaica - server-domain -BL',NULL,'2010-04-08 11:43:38','2010-04-08 11:43:38'),(146,3,'20080827-33000233659','20080827',-33000,233659,'calc agostoseptembr - tel -BL',NULL,'2010-04-08 11:43:38','2010-04-08 11:43:38'),(147,3,'20080829-18347215312','20080829',-18347,215312,'RBO R.E.AUTONOMOS          -AQ',NULL,'2010-04-08 11:43:38','2010-04-08 11:43:38'),(148,3,'20080829-24435190877','20080829',-24435,190877,'RBO R.E.AUTONOMOS          -AQ',NULL,'2010-04-08 11:43:38','2010-04-08 11:43:38'),(149,3,'20080829-24435166442','20080829',-24435,166442,'RBO R.E.AUTONOMOS          -AQ',NULL,'2010-04-08 11:43:38','2010-04-08 11:43:38'),(150,3,'2008090148400214842','20080901',48400,214842,'2x segurosocial omi ju/ag -BL',NULL,'2010-04-08 11:43:38','2010-04-08 11:43:38'),(151,3,'2008090113500228342','20080901',13500,228342,'omi retour faelschl geld -BL',NULL,'2010-04-08 11:43:38','2010-04-08 11:43:38'),(152,3,'20080904140360368702','20080904',140360,368702,'FUNDACION ESPA OLA PARA L',NULL,'2010-04-08 11:43:39','2010-04-08 11:43:39'),(153,3,'20080904136416505118','20080904',136416,505118,'FUNDACION ESPA OLA PARA L',NULL,'2010-04-08 11:43:39','2010-04-08 11:43:39'),(154,3,'2008090419720524838','20080904',19720,524838,'SUELOS HIDRAULICOS DEMOSA',NULL,'2010-04-08 11:43:39','2010-04-08 11:43:39'),(155,3,'20080904-10859513979','20080904',-10859,513979,'FRANCE TELEC ORANGE MOVIL 0808',NULL,'2010-04-08 11:43:39','2010-04-08 11:43:39'),(156,3,'2008090885840599819','20080908',85840,599819,'APY SOLIDARIDAD EN ACCION',NULL,'2010-04-08 11:43:39','2010-04-08 11:43:39'),(157,3,'20080908-9090590729','20080908',-9090,590729,'JOSE MARIA SALVADOR BONILLA',NULL,'2010-04-08 11:43:39','2010-04-08 11:43:39'),(158,3,'20080909-74000516729','20080909',-74000,516729,'apy menos iva -BL',NULL,'2010-04-08 11:43:39','2010-04-08 11:43:39'),(159,3,'20080912-2334514395','20080912',-2334,514395,'LIDL CINE BECQU 4036..013',NULL,'2010-04-08 11:43:39','2010-04-08 11:43:39'),(160,3,'20080917-102600411795','20080917',-102600,411795,'si-magreb - 30 -BL',NULL,'2010-04-08 11:43:39','2010-04-08 11:43:39'),(161,3,'20080917-120000291795','20080917',-120000,291795,'si-magreb - 30 -BL',NULL,'2010-04-08 11:43:39','2010-04-08 11:43:39'),(162,3,'20080930-18347273448','20080930',-18347,273448,'RBO R.E.AUTONOMOS          -AQ',NULL,'2010-04-08 11:43:39','2010-04-08 11:43:39'),(163,3,'20080930-24435249013','20080930',-24435,249013,'RBO R.E.AUTONOMOS          -AQ',NULL,'2010-04-08 11:43:39','2010-04-08 11:43:39'),(164,3,'20080930-24435224578','20080930',-24435,224578,'RBO R.E.AUTONOMOS          -AQ',NULL,'2010-04-08 11:43:39','2010-04-08 11:43:39'),(165,3,'20081002-9090215488','20081002',-9090,215488,'JOSE MARIA SALVADOR BONILLA',NULL,'2010-04-08 11:43:39','2010-04-08 11:43:39'),(166,3,'20081006-10936204552','20081006',-10936,204552,'FRANCE TELEC ORANGE MOVIL 0908',NULL,'2010-04-08 11:43:39','2010-04-08 11:43:39'),(167,3,'2008100624400228952','20081006',24400,228952,'seguro soc. omi -BL',NULL,'2010-04-08 11:43:39','2010-04-08 11:43:39'),(168,3,'20081007187500416452','20081007',187500,416452,'LAND VORARLBERG',NULL,'2010-04-08 11:43:39','2010-04-08 11:43:39'),(169,3,'20081009-113100303352','20081009',-113100,303352,'geld vrlb. omi -BL',NULL,'2010-04-08 11:43:39','2010-04-08 11:43:39'),(170,3,'2008101073080376432','20081010',73080,376432,'SOLIDARIDAD INT FUND.ESPA',NULL,'2010-04-08 11:43:39','2010-04-08 11:43:39'),(171,3,'20081010-8050368382','20081010',-8050,368382,'renta calc-2x telef y rou -BL',NULL,'2010-04-08 11:43:39','2010-04-08 11:43:39'),(172,3,'20081010-51900316482','20081010',-51900,316482,'Si menos 30 porciento -BL',NULL,'2010-04-08 11:43:39','2010-04-08 11:43:39'),(173,3,'200810162316484','20081016',2,316484,'INTERESES A SU FAVOR',NULL,'2010-04-08 11:43:39','2010-04-08 11:43:39'),(174,3,'20081016-54400262084','20081016',-54400,262084,'rest kohle vrlb min 30pro -BL',NULL,'2010-04-08 11:43:39','2010-04-08 11:43:39'),(175,3,'20081017-74237187847','20081017',-74237,187847,'IM-21-300-3001629949534-G91656',NULL,'2010-04-08 11:43:39','2010-04-08 11:43:39'),(176,3,'20081017-13963173884','20081017',-13963,173884,'IM-21-130-1301735119124-X16464',NULL,'2010-04-08 11:43:39','2010-04-08 11:43:39'),(177,3,'20081017-13963159921','20081017',-13963,159921,'IM-21-130-1301516619042-524782',NULL,'2010-04-08 11:43:39','2010-04-08 11:43:39'),(178,3,'20081020204000363921','20081020',204000,363921,'RECHNUNG 039',NULL,'2010-04-08 11:43:39','2010-04-08 11:43:39'),(179,3,'20081020-87600276321','20081020',-87600,276321,'2 glanzlos -14porcien -BL',NULL,'2010-04-08 11:43:39','2010-04-08 11:43:39'),(180,3,'20081021-43800232521','20081021',-43800,232521,'glanzlos - 14porcien -BL',NULL,'2010-04-08 11:43:39','2010-04-08 11:43:39'),(181,3,'20081021-57800174721','20081021',-57800,174721,'glanzlos - 14porcien -BL',NULL,'2010-04-08 11:43:39','2010-04-08 11:43:39'),(182,3,'20081031-18347156374','20081031',-18347,156374,'RBO R.E.AUTONOMOS          -AQ',NULL,'2010-04-08 11:43:39','2010-04-08 11:43:39'),(183,3,'20081031-24435131939','20081031',-24435,131939,'RBO R.E.AUTONOMOS          -AQ',NULL,'2010-04-08 11:43:39','2010-04-08 11:43:39'),(184,3,'20081031-24435107504','20081031',-24435,107504,'RBO R.E.AUTONOMOS          -AQ',NULL,'2010-04-08 11:43:39','2010-04-08 11:43:39'),(185,3,'20081104-786599639','20081104',-7865,99639,'FRANCE TELEC ORANGE MOVIL 1008',NULL,'2010-04-08 11:43:39','2010-04-08 11:43:39'),(186,3,'20081111-909090549','20081111',-9090,90549,'JOSE MARIA SALVADOR BONILLA',NULL,'2010-04-08 11:43:39','2010-04-08 11:43:39'),(187,3,'20081124-1380376746','20081124',-13803,76746,'SEGUROS BILBAO',NULL,'2010-04-08 11:43:39','2010-04-08 11:43:39'),(188,3,'200811271044087186','20081127',10440,87186,'EL CONTENEDOR DE IDEAS S.',NULL,'2010-04-08 11:43:39','2010-04-08 11:43:39'),(189,3,'20081128-1834768839','20081128',-18347,68839,'RBO R.E.AUTONOMOS          -AQ',NULL,'2010-04-08 11:43:39','2010-04-08 11:43:39'),(190,3,'20081128-2443544404','20081128',-24435,44404,'RBO R.E.AUTONOMOS          -AQ',NULL,'2010-04-08 11:43:39','2010-04-08 11:43:39'),(191,3,'20081128-2443519969','20081128',-24435,19969,'RBO R.E.AUTONOMOS          -AQ',NULL,'2010-04-08 11:43:39','2010-04-08 11:43:39'),(192,3,'200812033132051289','20081203',31320,51289,'FUNDACION ESPA OLA PARA L',NULL,'2010-04-08 11:43:39','2010-04-08 11:43:39'),(193,3,'200812031392065209','20081203',13920,65209,'FUNDACION ESPA OLA PARA L',NULL,'2010-04-08 11:43:39','2010-04-08 11:43:39'),(194,3,'20081203-909056119','20081203',-9090,56119,'JOSE MARIA SALVADOR BONILLA',NULL,'2010-04-08 11:43:39','2010-04-08 11:43:39'),(195,3,'20081205-649649623','20081205',-6496,49623,'FRANCE TELEC ORANGE MOVIL 1108',NULL,'2010-04-08 11:43:39','2010-04-08 11:43:39'),(196,3,'20081216326540376163','20081216',326540,376163,'APY SOLIDARIDAD EN ACCION',NULL,'2010-04-08 11:43:39','2010-04-08 11:43:39'),(197,3,'20081216326540702703','20081216',326540,702703,'APY SOLIDARIDAD EN ACCION',NULL,'2010-04-08 11:43:39','2010-04-08 11:43:39'),(198,3,'200812164350001137703','20081216',435000,1137703,'INSA',NULL,'2010-04-08 11:43:39','2010-04-08 11:43:39'),(199,3,'20081217-162841121419','20081217',-16284,1121419,'alquiler diciembre -BL',NULL,'2010-04-08 11:43:39','2010-04-08 11:43:39'),(200,3,'20081218-381200740219','20081218',-381200,740219,'Insa - apy -BL',NULL,'2010-04-08 11:43:39','2010-04-08 11:43:39'),(201,3,'20081218-45000695219','20081218',-45000,695219,'TRANSFERENCIA ELECTRONICA -BL',NULL,'2010-04-08 11:43:39','2010-04-08 11:43:39'),(202,3,'20081218-115000580219','20081218',-115000,580219,'api -BL',NULL,'2010-04-08 11:43:39','2010-04-08 11:43:39'),(203,3,'20081219146000726219','20081219',146000,726219,'ANDREA WICKI BORMANN',NULL,'2010-04-08 11:43:39','2010-04-08 11:43:39'),(204,3,'20081219146000872219','20081219',146000,872219,'Andrea Wicki Bormann',NULL,'2010-04-08 11:43:39','2010-04-08 11:43:39'),(205,3,'20081223-36000836219','20081223',-36000,836219,'alquiler diciembre -BL',NULL,'2010-04-08 11:43:39','2010-04-08 11:43:39'),(206,3,'20081224-90000746219','20081224',-90000,746219,'glanzlos rest -BL',NULL,'2010-04-08 11:43:39','2010-04-08 11:43:39'),(207,3,'20081224-146000600219','20081224',-146000,600219,'RETROCESION TRANSF. 18-12',NULL,'2010-04-08 11:43:39','2010-04-08 11:43:39'),(208,3,'20081231-18347581872','20081231',-18347,581872,'RBO R.E.AUTONOMOS          -AQ',NULL,'2010-04-08 11:43:39','2010-04-08 11:43:39'),(209,3,'20081231-24435557437','20081231',-24435,557437,'RBO R.E.AUTONOMOS          -AQ',NULL,'2010-04-08 11:43:39','2010-04-08 11:43:39'),(210,3,'20081231-24435533002','20081231',-24435,533002,'RBO R.E.AUTONOMOS          -AQ',NULL,'2010-04-08 11:43:39','2010-04-08 11:43:39'),(211,3,'20090102-21000512002','20090102',-21000,512002,'rent calcies spuma dic -BL',NULL,'2010-04-08 11:43:39','2010-04-08 11:43:39'),(212,3,'20090105-10948501054','20090105',-10948,501054,'FRANCE TELEC ORANGE MOVIL 1208',NULL,'2010-04-08 11:43:39','2010-04-08 11:43:39'),(213,3,'20090108-9090491964','20090108',-9090,491964,'JOSE MARIA SALVADOR BONILLA',NULL,'2010-04-08 11:43:39','2010-04-08 11:43:39'),(214,3,'200901137491971','20090113',7,491971,'INTERESES A SU FAVOR',NULL,'2010-04-08 11:43:39','2010-04-08 11:43:39'),(215,3,'20090113-1491970','20090113',-1,491970,'RETENCION I.R.C.',NULL,'2010-04-08 11:43:39','2010-04-08 11:43:39'),(216,3,'2009011929000520970','20090119',29000,520970,'EXP FIDAS-GAGA ARQ',NULL,'2010-04-08 11:43:39','2010-04-08 11:43:39'),(217,3,'20090119-10000510970','20090119',-10000,510970,'ufo maqueta -BL',NULL,'2010-04-08 11:43:39','2010-04-08 11:43:39'),(218,3,'20090120-15000495970','20090120',-15000,495970,'TRANSFERENCIA ELECTRONICA -BL',NULL,'2010-04-08 11:43:39','2010-04-08 11:43:39'),(219,3,'2009012134800530770','20090121',34800,530770,'FO AIX-DESARROLO IMAGEN',NULL,'2010-04-08 11:43:39','2010-04-08 11:43:39'),(220,3,'2009012297440628210','20090122',97440,628210,'SOLIDARIDAD INT FUND.ESPA',NULL,'2010-04-08 11:43:39','2010-04-08 11:43:39'),(221,3,'20090122-30000598210','20090122',-30000,598210,'soda01 - iva -BL',NULL,'2010-04-08 11:43:39','2010-04-08 11:43:39'),(222,3,'20090126-73090525120','20090126',-73090,525120,'SI menos 25porciento -BL',NULL,'2010-04-08 11:43:39','2010-04-08 11:43:39'),(223,3,'20090127-90295434825','20090127',-90295,434825,'IM-21-300-3002715538094-J91656',NULL,'2010-04-08 11:43:39','2010-04-08 11:43:39'),(224,3,'2009012914000448825','20090129',14000,448825,'omi schuldn phone -BL',NULL,'2010-04-08 11:43:39','2010-04-08 11:43:39'),(225,3,'20090130-21004427821','20090130',-21004,427821,'FRANCE TELEC ORANGE MOVIL 0109',NULL,'2010-04-08 11:43:39','2010-04-08 11:43:39'),(226,3,'20090130-18709409112','20090130',-18709,409112,'RBO R.E.AUTONOMOS          -AQ',NULL,'2010-04-08 11:43:39','2010-04-08 11:43:39'),(227,3,'20090130-24918384194','20090130',-24918,384194,'RBO R.E.AUTONOMOS          -AQ',NULL,'2010-04-08 11:43:39','2010-04-08 11:43:39'),(228,3,'20090130-24918359276','20090130',-24918,359276,'RBO R.E.AUTONOMOS          -AQ',NULL,'2010-04-08 11:43:39','2010-04-08 11:43:39'),(229,3,'20090213-9090350186','20090213',-9090,350186,'JOSE MARIA SALVADOR BONILLA',NULL,'2010-04-08 11:43:39','2010-04-08 11:43:39'),(230,3,'20090216-16000334186','20090216',-16000,334186,'calc y cri derama -BL',NULL,'2010-04-08 11:43:39','2010-04-08 11:43:39'),(231,3,'20090223-1850332336','20090223',-1850,332336,'joker URL -BL',NULL,'2010-04-08 11:43:39','2010-04-08 11:43:39'),(232,3,'20090225-9090323246','20090225',-9090,323246,'JOSE MARIA SALVADOR BONILLA',NULL,'2010-04-08 11:43:39','2010-04-08 11:43:39'),(233,3,'20090227-18709304537','20090227',-18709,304537,'RBO R.E.AUTONOMOS          -AQ',NULL,'2010-04-08 11:43:39','2010-04-08 11:43:39'),(234,3,'20090227-24918279619','20090227',-24918,279619,'RBO R.E.AUTONOMOS          -AQ',NULL,'2010-04-08 11:43:39','2010-04-08 11:43:39'),(235,3,'20090227-24918254701','20090227',-24918,254701,'RBO R.E.AUTONOMOS          -AQ',NULL,'2010-04-08 11:43:39','2010-04-08 11:43:39'),(236,3,'20090227-19632235069','20090227',-19632,235069,'FRANCE TELEC ORANGE MOVIL 0209',NULL,'2010-04-08 11:43:39','2010-04-08 11:43:39'),(237,3,'20090306-17200217869','20090306',-17200,217869,'alquiler marzo -BL',NULL,'2010-04-08 11:43:39','2010-04-08 11:43:39'),(238,3,'20090311150014367883','20090311',150014,367883,'JET MULTIMEDIA ESPA A S.A',NULL,'2010-04-08 11:43:39','2010-04-08 11:43:39'),(239,3,'2009031111000378883','20090311',11000,378883,'deudas telefono omi -BL',NULL,'2010-04-08 11:43:39','2010-04-08 11:43:39'),(240,3,'20090318-12000366883','20090318',-12000,366883,'RETROC,TRF DUPLICADA',NULL,'2010-04-08 11:43:39','2010-04-08 11:43:39'),(241,3,'20090320-2000364883','20090320',-2000,364883,'por el dominio de c-mail -BL',NULL,'2010-04-08 11:43:39','2010-04-08 11:43:39'),(242,3,'20090323-25000339883','20090323',-25000,339883,'teresa, omi -procurador -BL',NULL,'2010-04-08 11:43:39','2010-04-08 11:43:39'),(243,3,'20090325-105000234883','20090325',-105000,234883,'jet multimedia -BL',NULL,'2010-04-08 11:43:39','2010-04-08 11:43:39'),(244,3,'20090331-65000169883','20090331',-65000,169883,'renta a de dios44 1 marzo -BL',NULL,'2010-04-08 11:43:39','2010-04-08 11:43:39'),(245,3,'20090331-18709151174','20090331',-18709,151174,'RBO R.E.AUTONOMOS          -AQ',NULL,'2010-04-08 11:43:39','2010-04-08 11:43:39'),(246,3,'20090331-24918126256','20090331',-24918,126256,'RBO R.E.AUTONOMOS          -AQ',NULL,'2010-04-08 11:43:39','2010-04-08 11:43:39'),(247,3,'20090331-24918101338','20090331',-24918,101338,'RBO R.E.AUTONOMOS          -AQ',NULL,'2010-04-08 11:43:39','2010-04-08 11:43:39'),(248,3,'20090401-886992469','20090401',-8869,92469,'FRANCE TELECOM ESPA A S.A.',NULL,'2010-04-08 11:43:39','2010-04-08 11:43:39'),(249,3,'2009040365000157469','20090403',65000,157469,'SCHEIDERBAUER',NULL,'2010-04-08 11:43:39','2010-04-08 11:43:39'),(250,3,'20090414-13000144469','20090414',-13000,144469,'alquiler abril calc -BL',NULL,'2010-04-08 11:43:39','2010-04-08 11:43:39'),(251,3,'20090421-28453116016','20090421',-28453,116016,'DOMIC. IM-21-303-09-1T-3032394',NULL,'2010-04-08 11:43:39','2010-04-08 11:43:39'),(252,3,'20090430-9948106068','20090430',-9948,106068,'FRANCE TELECOM ESPA A S.A.',NULL,'2010-04-08 11:43:39','2010-04-08 11:43:39'),(253,3,'20090430-1870987359','20090430',-18709,87359,'RBO R.E.AUTONOMOS          -AQ',NULL,'2010-04-08 11:43:39','2010-04-08 11:43:39'),(254,3,'20090430-2491862441','20090430',-24918,62441,'RBO R.E.AUTONOMOS          -AQ',NULL,'2010-04-08 11:43:39','2010-04-08 11:43:39'),(255,3,'20090430-2491837523','20090430',-24918,37523,'RBO R.E.AUTONOMOS          -AQ',NULL,'2010-04-08 11:43:39','2010-04-08 11:43:39'),(256,3,'20090508-1740020123','20090508',-17400,20123,'alquiler mayo -BL',NULL,'2010-04-08 11:43:39','2010-04-08 11:43:39'),(257,3,'20090519-405916064','20090519',-4059,16064,'FRANCE TELECOM ESPA A S.A.',NULL,'2010-04-08 11:43:39','2010-04-08 11:43:39'),(258,3,'20090520-220013864','20090520',-2200,13864,'calc para la tinta -BL',NULL,'2010-04-08 11:43:39','2010-04-08 11:43:39'),(259,3,'20090525-13373491','20090525',-13373,491,'SEGUROS BILBAO',NULL,'2010-04-08 11:43:39','2010-04-08 11:43:39'),(260,3,'200905278000080491','20090527',80000,80491,'iniciarte -BL',NULL,'2010-04-08 11:43:39','2010-04-08 11:43:39'),(261,3,'20090528-598374508','20090528',-5983,74508,'FRANCE TELECOM ESPA A S.A.',NULL,'2010-04-08 11:43:39','2010-04-08 11:43:39'),(262,3,'20090529-2491849590','20090529',-24918,49590,'RBO R.E.AUTONOMOS          -AQ',NULL,'2010-04-08 11:43:39','2010-04-08 11:43:39'),(263,3,'20090529-2491824672','20090529',-24918,24672,'RBO R.E.AUTONOMOS          -AQ',NULL,'2010-04-08 11:43:39','2010-04-08 11:43:39'),(264,3,'20090529-220402632','20090529',-22040,2632,'GESTIUNION ASESORES S.L.',NULL,'2010-04-08 11:43:39','2010-04-08 11:43:39'),(265,3,'20090611120000122632','20090611',120000,122632,'JET MULTIMEDIA ESPA A S.A',NULL,'2010-04-08 11:43:39','2010-04-08 11:43:39'),(266,3,'20090616-10340019232','20090616',-103400,19232,'jet multimedia -BL',NULL,'2010-04-08 11:43:39','2010-04-08 11:43:39'),(267,3,'20090619-420415028','20090619',-4204,15028,'FRANCE TELECOM ESPA A S.A.',NULL,'2010-04-08 11:43:39','2010-04-08 11:43:39'),(268,3,'20090622120000135028','20090622',120000,135028,'FEMIGRAMA',NULL,'2010-04-08 11:43:39','2010-04-08 11:43:39'),(269,3,'20090623-10080034228','20090623',-100800,34228,'femigrama fuer omi -BL',NULL,'2010-04-08 11:43:39','2010-04-08 11:43:39'),(270,3,'20090626-568828540','20090626',-5688,28540,'FRANCE TELECOM ESPA A S.A.',NULL,'2010-04-08 11:43:39','2010-04-08 11:43:39'),(271,3,'200906294200070540','20090629',42000,70540,'para autonomos -BL',NULL,'2010-04-08 11:43:39','2010-04-08 11:43:39'),(272,3,'20090630-2491845622','20090630',-24918,45622,'RBO R.E.AUTONOMOS          -AQ',NULL,'2010-04-08 11:43:39','2010-04-08 11:43:39'),(273,3,'20090630-2491820704','20090630',-24918,20704,'RBO R.E.AUTONOMOS          -AQ',NULL,'2010-04-08 11:43:39','2010-04-08 11:43:39'),(274,3,'20090713-49120213','20090713',-491,20213,'VODAFONE ESP Vodafone 51288549',NULL,'2010-04-08 11:43:39','2010-04-08 11:43:39'),(275,3,'20090720-146025611','20090720',-14602,5611,'FRANCE TELECOM ESPA A S.A.',NULL,'2010-04-08 11:43:39','2010-04-08 11:43:39'),(276,3,'20090721-20003611','20090721',-2000,3611,'alquiler julio - telefono -BL',NULL,'2010-04-08 11:43:39','2010-04-08 11:43:39'),(277,3,'20090729120000123611','20090729',120000,123611,'prestamo teresa - calc -BL',NULL,'2010-04-08 11:43:39','2010-04-08 11:43:39'),(278,3,'20090729-21000102611','20090729',-21000,102611,'alquiler agosto calc -BL',NULL,'2010-04-08 11:43:39','2010-04-08 11:43:39'),(279,3,'20090730-964192970','20090730',-9641,92970,'FRANCE TELECOM ESPA A S.A.',NULL,'2010-04-08 11:43:39','2010-04-08 11:43:39'),(280,3,'20090731-2491868052','20090731',-24918,68052,'RBO R.E.AUTONOMOS          -AQ',NULL,'2010-04-08 11:43:39','2010-04-08 11:43:39'),(281,3,'20090731-2491843134','20090731',-24918,43134,'RBO R.E.AUTONOMOS          -AQ',NULL,'2010-04-08 11:43:39','2010-04-08 11:43:39'),(282,3,'20090731-2491818216','20090731',-24918,18216,'RBO R.E.AUTONOMOS          -AQ',NULL,'2010-04-08 11:43:39','2010-04-08 11:43:39'),(283,3,'20090814-18749-533','20090814',-18749,-533,'VODAFONE ESP Vodafone 57359852',NULL,'2010-04-08 11:43:39','2010-04-08 11:43:39'),(284,3,'200908175000049467','20090817',50000,49467,'MT- NOVARON ARCHITEKTUR BAUMAN',NULL,'2010-04-08 11:43:39','2010-04-08 11:43:39'),(285,3,'20090827-958339884','20090827',-9583,39884,'FRANCE TELECOM ESPA A S.A.',NULL,'2010-04-08 11:43:39','2010-04-08 11:43:39'),(286,3,'20090831-2491814966','20090831',-24918,14966,'RBO R.E.AUTONOMOS          -AQ',NULL,'2010-04-08 11:43:39','2010-04-08 11:43:39'),(287,3,'20090901174000188966','20090901',174000,188966,'DESARR Y PROGRAM BOOKGUT1 -BL',NULL,'2010-04-08 11:43:39','2010-04-08 11:43:39'),(288,3,'20090902-24918164048','20090902',-24918,164048,'RBO R.E.AUTONOMOS',NULL,'2010-04-08 11:43:39','2010-04-08 11:43:39'),(289,3,'20090902-24918139130','20090902',-24918,139130,'RBO R.E.AUTONOMOS',NULL,'2010-04-08 11:43:39','2010-04-08 11:43:39'),(290,3,'20090910-18536120594','20090910',-18536,120594,'VODAFONE ESP Vodafone 63470952',NULL,'2010-04-08 11:43:39','2010-04-08 11:43:39'),(291,3,'20090910-13500107094','20090910',-13500,107094,'alquiler septiembre - tel -BL',NULL,'2010-04-08 11:43:39','2010-04-08 11:43:39'),(292,3,'20090917-2204085054','20090917',-22040,85054,'GESTIUNION ASESORES S.L.',NULL,'2010-04-08 11:43:39','2010-04-08 11:43:39'),(293,3,'200909211392098974','20090921',13920,98974,'SOLIDARIDAD INTERNACIONAL',NULL,'2010-04-08 11:43:39','2010-04-08 11:43:39'),(294,3,'2009092427840126814','20090924',27840,126814,'INGRESO CHEQUE',NULL,'2010-04-08 11:43:39','2010-04-08 11:43:39'),(295,3,'20090930-24918101896','20090930',-24918,101896,'RBO R.E.AUTONOMOS          -AQ',NULL,'2010-04-08 11:43:39','2010-04-08 11:43:39'),(296,3,'20090930-2491876978','20090930',-24918,76978,'RBO R.E.AUTONOMOS          -AQ',NULL,'2010-04-08 11:43:39','2010-04-08 11:43:39'),(297,3,'20090930-2491852060','20090930',-24918,52060,'RBO R.E.AUTONOMOS          -AQ',NULL,'2010-04-08 11:43:39','2010-04-08 11:43:39'),(298,3,'20091008-1800034060','20091008',-18000,34060,'alquiler oct - telefono -BL',NULL,'2010-04-08 11:43:39','2010-04-08 11:43:39'),(299,3,'200910091000044060','20091009',10000,44060,'ausgleich -BL',NULL,'2010-04-08 11:43:39','2010-04-08 11:43:39'),(300,3,'20091009-3100013060','20091009',-31000,13060,'schuld dani-resi novaron -BL',NULL,'2010-04-08 11:43:39','2010-04-08 11:43:39'),(301,3,'20091013-100832977','20091013',-10083,2977,'VODAFONE ESP Vodafone 69594800',NULL,'2010-04-08 11:43:39','2010-04-08 11:43:39'),(302,3,'20091014-262951','20091014',-26,2951,'INTERESES DESCUBIERTOS',NULL,'2010-04-08 11:43:39','2010-04-08 11:43:39'),(303,3,'20091014-32948','20091014',-3,2948,'COMISION DESCUBIERTO',NULL,'2010-04-08 11:43:39','2010-04-08 11:43:39'),(304,3,'200910292500027948','20091029',25000,27948,'seguridad soc. octubre -BL',NULL,'2010-04-08 11:43:39','2010-04-08 11:43:39'),(305,3,'200910292500052948','20091029',25000,52948,'autonomo omi oct.09 -BL',NULL,'2010-04-08 11:43:39','2010-04-08 11:43:39'),(306,3,'20091030-2491828030','20091030',-24918,28030,'RBO R.E.AUTONOMOS          -AQ',NULL,'2010-04-08 11:43:39','2010-04-08 11:43:39'),(307,3,'20091030-249183112','20091030',-24918,3112,'RBO R.E.AUTONOMOS          -AQ',NULL,'2010-04-08 11:43:39','2010-04-08 11:43:39'),(308,3,'200911041972022832','20091104',19720,22832,'UNIA - BNV - REU08 -BL',NULL,'2010-04-08 11:43:39','2010-04-08 11:43:39'),(309,3,'20091110-174005432','20091110',-17400,5432,'alquiler noviembre calc -BL',NULL,'2010-04-08 11:43:39','2010-04-08 11:43:39'),(310,3,'200911112650031932','20091111',26500,31932,'schulden omi -BL',NULL,'2010-04-08 11:43:39','2010-04-08 11:43:39'),(311,3,'200911115300084932','20091111',53000,84932,'seg. soc. - asesoria -BL',NULL,'2010-04-08 11:43:39','2010-04-08 11:43:39'),(312,3,'20091111-2204062892','20091111',-22040,62892,'factura 991 - 3.trimestre -BL',NULL,'2010-04-08 11:43:40','2010-04-08 11:43:40'),(313,3,'20091112-927953613','20091112',-9279,53613,'VODAFONE ESP Vodafone 75755328',NULL,'2010-04-08 11:43:40','2010-04-08 11:43:40'),(314,3,'20091113460058213','20091113',4600,58213,'tel. vodafone teresa -BL',NULL,'2010-04-08 11:43:40','2010-04-08 11:43:40'),(315,3,'20091113460062813','20091113',4600,62813,'telefono omi -BL',NULL,'2010-04-08 11:43:40','2010-04-08 11:43:40'),(316,3,'20091117-2990232911','20091117',-29902,32911,'SEGUROS SOCIALES',NULL,'2010-04-08 11:43:40','2010-04-08 11:43:40'),(317,3,'20091117-299023009','20091117',-29902,3009,'SEGUROS SOCIALES',NULL,'2010-04-08 11:43:40','2010-04-08 11:43:40'),(318,3,'200911231000013009','20091123',10000,13009,'vorstreck von omi -BL',NULL,'2010-04-08 11:43:40','2010-04-08 11:43:40'),(319,3,'20091126174000187009','20091126',174000,187009,'UNIVERSIDAD INTERNACIONAL',NULL,'2010-04-08 11:43:40','2010-04-08 11:43:40'),(320,3,'2009112625000212009','20091126',25000,212009,'seguro omi november -BL',NULL,'2010-04-08 11:43:40','2010-04-08 11:43:40'),(321,3,'2009112625000237009','20091126',25000,237009,'seg. soc. nov. -BL',NULL,'2010-04-08 11:43:40','2010-04-08 11:43:40'),(322,3,'20091127-14138222871','20091127',-14138,222871,'SEGUROS BILBAO',NULL,'2010-04-08 11:43:40','2010-04-08 11:43:40'),(323,3,'20091127-122000100871','20091127',-122000,100871,'cuestionario unia -BL',NULL,'2010-04-08 11:43:40','2010-04-08 11:43:40'),(324,3,'2009112714138115009','20091127',14138,115009,'RETROC. SEGUROS BILBAO',NULL,'2010-04-08 11:43:40','2010-04-08 11:43:40'),(325,3,'20091130-2491890091','20091130',-24918,90091,'RBO R.E.AUTONOMOS          -AQ',NULL,'2010-04-08 11:43:40','2010-04-08 11:43:40'),(326,3,'20091130-2491865173','20091130',-24918,65173,'RBO R.E.AUTONOMOS          -AQ',NULL,'2010-04-08 11:43:40','2010-04-08 11:43:40'),(327,3,'20091202812073293','20091202',8120,73293,'FRANCE TELECOM ESPA A',NULL,'2010-04-08 11:43:40','2010-04-08 11:43:40'),(328,3,'20091203-346869825','20091203',-3468,69825,'CLEARWIRE ESPA A SA',NULL,'2010-04-08 11:43:40','2010-04-08 11:43:40'),(329,3,'20091203350073325','20091203',3500,73325,'instanet l-able an calc -BL',NULL,'2010-04-08 11:43:40','2010-04-08 11:43:40'),(330,3,'20091210-1120362122','20091210',-11203,62122,'VODAFONE ESP Vodafone 81968425',NULL,'2010-04-08 11:43:40','2010-04-08 11:43:40'),(331,3,'20091211549840611962','20091211',549840,611962,'ASOC DE INVESTIGACION Y C',NULL,'2010-04-08 11:43:40','2010-04-08 11:43:40'),(332,3,'20091211-10000601962','20091211',-10000,601962,'CHEQUE VENTANILLA 7016468',NULL,'2010-04-08 11:43:40','2010-04-08 11:43:40'),(333,3,'20091222385120987082','20091222',385120,987082,'UNIVERSIDAD INTERNACIONAL',NULL,'2010-04-08 11:43:40','2010-04-08 11:43:40'),(334,3,'20091228-40500946582','20091228',-40500,946582,'de teresa a omi -BL',NULL,'2010-04-08 11:43:40','2010-04-08 11:43:40'),(335,3,'20091228-190000756582','20091228',-190000,756582,'mitad unia libro -BL',NULL,'2010-04-08 11:43:40','2010-04-08 11:43:40'),(336,3,'20091231-24918731664','20091231',-24918,731664,'RBO R.E.AUTONOMOS          -AQ',NULL,'2010-04-08 11:43:40','2010-04-08 11:43:40'),(337,3,'20091231-24918706746','20091231',-24918,706746,'RBO R.E.AUTONOMOS          -AQ',NULL,'2010-04-08 11:43:40','2010-04-08 11:43:40'),(338,3,'20100105-3468703278','20100105',-3468,703278,'CLEARWIRE ESPA A SA',NULL,'2010-04-08 11:43:40','2010-04-08 11:43:40'),(339,3,'201001079300712578','20100107',9300,712578,'skype, bunny -BL',NULL,'2010-04-08 11:43:40','2010-04-08 11:43:40'),(340,3,'201001073500716078','20100107',3500,716078,'instanet labe a calc -BL',NULL,'2010-04-08 11:43:40','2010-04-08 11:43:40'),(341,3,'20100108-384800331278','20100108',-384800,331278,'70pciento de e3e -BL',NULL,'2010-04-08 11:43:40','2010-04-08 11:43:40'),(342,3,'20100113-12759318519','20100113',-12759,318519,'VODAFONE ESP Vodafone 88220567',NULL,'2010-04-08 11:43:40','2010-04-08 11:43:40'),(343,3,'20100122255200573719','20100122',255200,573719,'BOOKGUT2/1 -BL',NULL,'2010-04-08 11:43:40','2010-04-08 11:43:40'),(344,3,'20100125-22040551679','20100125',-22040,551679,'GESTIUNION ASESORES S.L.',NULL,'2010-04-08 11:43:40','2010-04-08 11:43:40'),(345,3,'20100125-74000477679','20100125',-74000,477679,'700 u 40 booka u booksend -BL',NULL,'2010-04-08 11:43:40','2010-04-08 11:43:40'),(346,3,'20100125-70000407679','20100125',-70000,407679,'700 trecer parte booka -BL',NULL,'2010-04-08 11:43:40','2010-04-08 11:43:40'),(347,3,'20100128481400889079','20100128',481400,889079,'DESARRO y PROGAM BOOKGUT3 -BL',NULL,'2010-04-08 11:43:40','2010-04-08 11:43:40'),(348,3,'20100129-25170863909','20100129',-25170,863909,'RBO R.E.AUTONOMOS          -AQ',NULL,'2010-04-08 11:43:40','2010-04-08 11:43:40'),(349,3,'20100129-25170838739','20100129',-25170,838739,'RBO R.E.AUTONOMOS          -AQ',NULL,'2010-04-08 11:43:40','2010-04-08 11:43:40'),(350,3,'20100129-132800705939','20100129',-132800,705939,'IM-21-303-3033183019465-J91656',NULL,'2010-04-08 11:43:40','2010-04-08 11:43:40'),(351,3,'20100201-147911558028','20100201',-147911,558028,'DOMIC. IM-21-303-09-4T-3030662',NULL,'2010-04-08 11:43:40','2010-04-08 11:43:40'),(352,3,'20100205-3468554560','20100205',-3468,554560,'CLEARWIRE ESPA A SA',NULL,'2010-04-08 11:43:40','2010-04-08 11:43:40'),(353,3,'2010021034800589360','20100210',34800,589360,'ASOC MUJERES PUEBLOS CANT',NULL,'2010-04-08 11:43:40','2010-04-08 11:43:40'),(354,3,'20100210-30000559360','20100210',-30000,559360,'sueldo minijob SI pam y o -BL',NULL,'2010-04-08 11:43:40','2010-04-08 11:43:40'),(355,3,'20100211-8896550464','20100211',-8896,550464,'VODAFONE ESP Vodafone 94494177',NULL,'2010-04-08 11:43:40','2010-04-08 11:43:40'),(356,3,'20100212-7150543314','20100212',-7150,543314,'calc deudas palspuma -BL',NULL,'2010-04-08 11:43:40','2010-04-08 11:43:40'),(357,3,'2010021692800636114','20100216',92800,636114,'actualizacion pagina web -BL',NULL,'2010-04-08 11:43:40','2010-04-08 11:43:40'),(358,3,'20100225-4000632114','20100225',-4000,632114,'dominio c-mail 2 a±os -BL',NULL,'2010-04-08 11:43:40','2010-04-08 11:43:40'),(359,3,'20100225125000757114','20100225',125000,757114,'haelfte omi hacienda 1 -BL',NULL,'2010-04-08 11:43:40','2010-04-08 11:43:40'),(360,3,'20100225-25170731944','20100225',-25170,731944,'SEGUROS SOCIALES',NULL,'2010-04-08 11:43:40','2010-04-08 11:43:40'),(361,3,'20100225-250000481944','20100225',-250000,481944,'IM-21-010-331022300420C-E33405',NULL,'2010-04-08 11:43:40','2010-04-08 11:43:40'),(362,3,'20100226-25170456774','20100226',-25170,456774,'RBO R.E.AUTONOMOS          -AQ',NULL,'2010-04-08 11:43:40','2010-04-08 11:43:40'),(363,3,'20100226-25170431604','20100226',-25170,431604,'RBO R.E.AUTONOMOS          -AQ',NULL,'2010-04-08 11:43:40','2010-04-08 11:43:40'),(364,3,'20100226125000556604','20100226',125000,556604,'hacienda -BL',NULL,'2010-04-08 11:43:40','2010-04-08 11:43:40'),(365,3,'201003017350563954','20100301',7350,563954,'ASOC MUJERES PUEBLOS CANT',NULL,'2010-04-08 11:43:40','2010-04-08 11:43:40'),(366,3,'20100304-27616536338','20100304',-27616,536338,'SEGUROS SOCIALES',NULL,'2010-04-08 11:43:40','2010-04-08 11:43:40'),(367,3,'20100305-3468532870','20100305',-3468,532870,'CLEARWIRE ESPA A SA',NULL,'2010-04-08 11:43:40','2010-04-08 11:43:40'),(368,3,'201003083500536370','20100308',3500,536370,'l-able instanet back -BL',NULL,'2010-04-08 11:43:40','2010-04-08 11:43:40'),(369,3,'20100312-1140535230','20100312',-1140,535230,'M/N CRUISE BARC 4036..019',NULL,'2010-04-08 11:43:40','2010-04-08 11:43:40'),(370,3,'20100312-1270533960','20100312',-1270,533960,'M/N CRUISE BARC 4036..019',NULL,'2010-04-08 11:43:40','2010-04-08 11:43:40'),(371,3,'20100312-2780531180','20100312',-2780,531180,'M/N CRUISE BARC 4036..019',NULL,'2010-04-08 11:43:40','2010-04-08 11:43:40'),(372,3,'20100312-1000530180','20100312',-1000,530180,'CRUISE BARCELLO 4036..019',NULL,'2010-04-08 11:43:40','2010-04-08 11:43:40'),(373,3,'20100315-10395519785','20100315',-10395,519785,'VODAFONE ESP Vodafone 00818388',NULL,'2010-04-08 11:43:40','2010-04-08 11:43:40'),(374,3,'201003152780522565','20100315',2780,522565,'Retroc.M/N CRUISE BARC 40',NULL,'2010-04-08 11:43:40','2010-04-08 11:43:40'),(375,3,'201003151270523835','20100315',1270,523835,'Retroc.M/N CRUISE BARC 40',NULL,'2010-04-08 11:43:40','2010-04-08 11:43:40'),(376,3,'201003151000524835','20100315',1000,524835,'Retroc.CRUISE BARCELLO 40',NULL,'2010-04-08 11:43:40','2010-04-08 11:43:40'),(377,3,'20100317-1270523565','20100317',-1270,523565,'M/N CRUISE BARC 4036..019',NULL,'2010-04-08 11:43:40','2010-04-08 11:43:40'),(378,3,'20100317-2780520785','20100317',-2780,520785,'M/N CRUISE BARC 4036..019',NULL,'2010-04-08 11:43:40','2010-04-08 11:43:40'),(379,3,'20100317-1000519785','20100317',-1000,519785,'CRUISE BARCELLO 4036..019',NULL,'2010-04-08 11:43:40','2010-04-08 11:43:40'),(380,3,'201003254814001001185','20100325',481400,1001185,'PAGO PENDIENTE BOOKGUT3 -BL',NULL,'2010-04-08 11:43:40','2010-04-08 11:43:40'),(381,3,'20100331-26812974373','20100331',-26812,974373,'RBO R.E.AUTONOMOS          -AQ',NULL,'2010-04-08 11:43:40','2010-04-08 11:43:40'),(382,3,'20100331-25170949203','20100331',-25170,949203,'RBO R.E.AUTONOMOS          -AQ',NULL,'2010-04-08 11:43:40','2010-04-08 11:43:40'),(383,3,'2010033113194932268696','20100331',1319493,2268696,'ABONO TRANSF.B.SANTANDER',NULL,'2010-04-08 11:43:40','2010-04-08 11:43:40'),(384,3,'2010040142002272896','20100401',4200,2272896,'dudas omi barco -BL',NULL,'2010-04-08 11:43:40','2010-04-08 11:43:40'),(385,2,'20070628135720135720','20070628',135720,135720,'INGRESO CHEQUE',NULL,'2010-04-08 11:46:41','2010-04-08 11:46:41'),(386,2,'20070629454780590500','20070629',454780,590500,'THOMAS ALEXANDER SCHEIDER',NULL,'2010-04-08 11:46:41','2010-04-08 11:46:41'),(387,2,'20070702-153286437214','20070702',-153286,437214,'CHEQUE VENTANILLA 5976113',NULL,'2010-04-08 11:46:41','2010-04-08 11:46:41'),(388,2,'20070709-44610392604','20070709',-44610,392604,'sueldo chemi y empresa -BL',NULL,'2010-04-08 11:46:41','2010-04-08 11:46:41'),(389,2,'20070719-281600111004','20070719',-281600,111004,'CHEQUE VENTANILLA 5976147',NULL,'2010-04-08 11:46:41','2010-04-08 11:46:41'),(390,2,'20070822-9225101779','20070822',-9225,101779,'TELEFONICA D TEL.954385131.AGO',NULL,'2010-04-08 11:46:41','2010-04-08 11:46:41'),(391,2,'20070906111128212907','20070906',111128,212907,'impuestos e iva -BL',NULL,'2010-04-08 11:46:41','2010-04-08 11:46:41'),(392,2,'200709109225222132','20070910',9225,222132,'TELEFONICA DE ESPA A, S.A',NULL,'2010-04-08 11:46:41','2010-04-08 11:46:41'),(393,2,'20070920-50000172132','20070920',-50000,172132,'TRANSFERENCIA ELECTRONICA -BL',NULL,'2010-04-08 11:46:41','2010-04-08 11:46:41'),(394,2,'20070924-5793166339','20070924',-5793,166339,'TELEFONICA D TEL.954385131.SEP',NULL,'2010-04-08 11:46:41','2010-04-08 11:46:41'),(395,2,'20071022-31548134791','20071022',-31548,134791,'IM-21-300-3030720191764-G91656',NULL,'2010-04-08 11:46:41','2010-04-08 11:46:41'),(396,2,'20071108-21000113791','20071108',-21000,113791,'alquiler omi-dani-teresa -BL',NULL,'2010-04-08 11:46:41','2010-04-08 11:46:41'),(397,2,'2007111521900135691','20071115',21900,135691,'30 po SI -BL',NULL,'2010-04-08 11:46:41','2010-04-08 11:46:41'),(398,2,'2007111642000177691','20071116',42000,177691,'impuestos novaron 2 -BL',NULL,'2010-04-08 11:46:41','2010-04-08 11:46:41'),(399,2,'20071119-657177034','20071119',-657,177034,'ORANGE FIJO/INTERNET',NULL,'2010-04-08 11:46:41','2010-04-08 11:46:41'),(400,2,'20071122-3376173658','20071122',-3376,173658,'TELEFONICA D TEL.954385131.NOV',NULL,'2010-04-08 11:46:41','2010-04-08 11:46:41'),(401,2,'20071130-20850152808','20071130',-20850,152808,'sueldito bolzano -BL',NULL,'2010-04-08 11:46:41','2010-04-08 11:46:41'),(402,2,'20071210-15000137808','20071210',-15000,137808,'fn10 - rent y 16iva -BL',NULL,'2010-04-08 11:46:41','2010-04-08 11:46:41'),(403,2,'20071219-867136941','20071219',-867,136941,'ORANGE FIJO/INTERNET',NULL,'2010-04-08 11:46:41','2010-04-08 11:46:41'),(404,2,'2008010849000185941','20080108',49000,185941,'imp.novaron 3.pago -BL',NULL,'2010-04-08 11:46:41','2010-04-08 11:46:41'),(405,2,'20080118-618185323','20080118',-618,185323,'ORANGE FIJO/INTERNET',NULL,'2010-04-08 11:46:41','2010-04-08 11:46:41'),(406,2,'20080122-3804181519','20080122',-3804,181519,'TELEFONICA D TEL.954385131.ENE',NULL,'2010-04-08 11:46:41','2010-04-08 11:46:41'),(407,2,'20080129-10000081519','20080129',-100000,81519,'CHEQUE VENTANILLA 6275864',NULL,'2010-04-08 11:46:41','2010-04-08 11:46:41'),(408,2,'20080130-4000041519','20080130',-40000,41519,'hacienda -BL',NULL,'2010-04-08 11:46:41','2010-04-08 11:46:41'),(409,2,'20080206-2100020519','20080206',-21000,20519,'renta calc febrero -BL',NULL,'2010-04-08 11:46:41','2010-04-08 11:46:41'),(410,2,'200802133600056519','20080213',36000,56519,'MARIA TERESA ALONSO NOVO',NULL,'2010-04-08 11:46:41','2010-04-08 11:46:41'),(411,2,'200802132390080419','20080213',23900,80419,'MARIA TERESA ALONSO NOVO',NULL,'2010-04-08 11:46:41','2010-04-08 11:46:41'),(412,2,'20080219-108679333','20080219',-1086,79333,'ORANGE FIJO/INTERNET',NULL,'2010-04-08 11:46:41','2010-04-08 11:46:41'),(413,2,'2008031260000139333','20080312',60000,139333,'INGRESO EN EFECTIVO',NULL,'2010-04-08 11:46:41','2010-04-08 11:46:41'),(414,2,'20080317-5350085833','20080317',-53500,85833,'publisodean -segsoc.feb -BL',NULL,'2010-04-08 11:46:41','2010-04-08 11:46:41'),(415,2,'20080319-328782546','20080319',-3287,82546,'ORANGE FIJO/INTERNET',NULL,'2010-04-08 11:46:41','2010-04-08 11:46:41'),(416,2,'20080324-378378763','20080324',-3783,78763,'TELEFONICA D TEL.954385131.MAR',NULL,'2010-04-08 11:46:41','2010-04-08 11:46:41'),(417,2,'2008042165200143963','20080421',65200,143963,'MARIA TERESA ALONSO NOVO',NULL,'2010-04-08 11:46:41','2010-04-08 11:46:41'),(418,2,'2008042123900167863','20080421',23900,167863,'MARIA TERESA ALONSO NOVO',NULL,'2010-04-08 11:46:41','2010-04-08 11:46:41'),(419,2,'20080421-3412164451','20080421',-3412,164451,'ORANGE FIJO/INTERNET',NULL,'2010-04-08 11:46:41','2010-04-08 11:46:41'),(420,2,'2008043027800192251','20080430',27800,192251,'30pc curro si pa y om -BL',NULL,'2010-04-08 11:46:41','2010-04-08 11:46:41'),(421,2,'20080514195989388240','20080514',195989,388240,'INGRESO CHEQUE',NULL,'2010-04-08 11:46:41','2010-04-08 11:46:41'),(422,2,'2008051531344419584','20080515',31344,419584,'iva fest 02 -BL',NULL,'2010-04-08 11:46:41','2010-04-08 11:46:41'),(423,2,'20080515-54881364703','20080515',-54881,364703,'trecer parte fest 02 -BL',NULL,'2010-04-08 11:46:41','2010-04-08 11:46:41'),(424,2,'20080519-2596362107','20080519',-2596,362107,'ORANGE FIJO/INTERNET',NULL,'2010-04-08 11:46:41','2010-04-08 11:46:41'),(425,2,'20080522-4365357742','20080522',-4365,357742,'TELEFONICA D TEL.954385131.MAY',NULL,'2010-04-08 11:46:41','2010-04-08 11:46:41'),(426,2,'20080604-22300335442','20080604',-22300,335442,'baniela hosting abansys -BL',NULL,'2010-04-08 11:46:41','2010-04-08 11:46:41'),(427,2,'20080620-1500333942','20080620',-1500,333942,'ORANGE FIJO/INTERNET',NULL,'2010-04-08 11:46:41','2010-04-08 11:46:41'),(428,2,'20080709-19500314442','20080709',-19500,314442,'alquiler julio -BL',NULL,'2010-04-08 11:46:41','2010-04-08 11:46:41'),(429,2,'20080710-7000307442','20080710',-7000,307442,'alquiler julio maria -BL',NULL,'2010-04-08 11:46:41','2010-04-08 11:46:41'),(430,2,'200807117000314442','20080711',7000,314442,'MARIA TERESA ALONSO NOVO',NULL,'2010-04-08 11:46:41','2010-04-08 11:46:41'),(431,2,'2008071610314452','20080716',10,314452,'INTERESES A SU FAVOR',NULL,'2010-04-08 11:46:41','2010-04-08 11:46:41'),(432,2,'20080716-2314450','20080716',-2,314450,'RETENCION I.R.C.',NULL,'2010-04-08 11:46:41','2010-04-08 11:46:41'),(433,2,'20080718-141877172573','20080718',-141877,172573,'IM-21-300-3001561658261-G91656',NULL,'2010-04-08 11:46:41','2010-04-08 11:46:41'),(434,2,'20080718-71550101023','20080718',-71550,101023,'IM-21-110-1101524354831-G91656',NULL,'2010-04-08 11:46:41','2010-04-08 11:46:41'),(435,2,'20080718-3636564658','20080718',-36365,64658,'IM-21-130-1301648248031-524782',NULL,'2010-04-08 11:46:41','2010-04-08 11:46:41'),(436,2,'20080721-150163157','20080721',-1501,63157,'ORANGE FIJO/INTERNET',NULL,'2010-04-08 11:46:41','2010-04-08 11:46:41'),(437,2,'20080722-399959158','20080722',-3999,59158,'TELEFONICA D TEL.954385131.JUL',NULL,'2010-04-08 11:46:41','2010-04-08 11:46:41'),(438,2,'20080819-348855670','20080819',-3488,55670,'ORANGE FIJO/INTERNET',NULL,'2010-04-08 11:46:41','2010-04-08 11:46:41'),(439,2,'200809012720082870','20080901',27200,82870,'MARIA TERESA ALONSO NOVO',NULL,'2010-04-08 11:46:41','2010-04-08 11:46:41'),(440,2,'20080919-862674244','20080919',-8626,74244,'ORANGE FIJO/INTERNET',NULL,'2010-04-08 11:46:41','2010-04-08 11:46:41'),(441,2,'20080922-432169923','20080922',-4321,69923,'TELEFONICA D TEL.954385131.SEP',NULL,'2010-04-08 11:46:41','2010-04-08 11:46:41'),(442,2,'20081020-379366130','20081020',-3793,66130,'ORANGE FIJO/INTERNET',NULL,'2010-04-08 11:46:41','2010-04-08 11:46:41'),(443,2,'20081119-477361357','20081119',-4773,61357,'ORANGE FIJO/INTERNET',NULL,'2010-04-08 11:46:41','2010-04-08 11:46:41'),(444,2,'20081124-334758010','20081124',-3347,58010,'TELEFONICA D TEL.954385131.NOV',NULL,'2010-04-08 11:46:41','2010-04-08 11:46:41'),(445,2,'20081219-391554095','20081219',-3915,54095,'ORANGE FIJO/INTERNET',NULL,'2010-04-08 11:46:41','2010-04-08 11:46:41'),(446,2,'20090119-383550260','20090119',-3835,50260,'ORANGE FIJO/INTERNET',NULL,'2010-04-08 11:46:41','2010-04-08 11:46:41'),(447,2,'20090119-405046210','20090119',-4050,46210,'IM-21-110-1102615493926-G91656',NULL,'2010-04-08 11:46:41','2010-04-08 11:46:41'),(448,2,'20090122-458341627','20090122',-4583,41627,'TELEFONICA D TEL.954385131.ENE',NULL,'2010-04-08 11:46:41','2010-04-08 11:46:41'),(449,2,'20090128-650035127','20090128',-6500,35127,'calc dise±o s.c. -BL',NULL,'2010-04-08 11:46:41','2010-04-08 11:46:41'),(450,2,'20090212-870026427','20090212',-8700,26427,'alquiler febrero -BL',NULL,'2010-04-08 11:46:41','2010-04-08 11:46:41'),(451,2,'20090219-371222715','20090219',-3712,22715,'ORANGE FIJO/INTERNET',NULL,'2010-04-08 11:46:41','2010-04-08 11:46:41'),(452,2,'20090320-392518790','20090320',-3925,18790,'ORANGE FIJO/INTERNET',NULL,'2010-04-08 11:46:41','2010-04-08 11:46:41'),(453,2,'20090323-407914711','20090323',-4079,14711,'TELEFONICA D TEL.954385131.MAR',NULL,'2010-04-08 11:46:41','2010-04-08 11:46:41'),(454,2,'20090420-361011101','20090420',-3610,11101,'ORANGE FIJO/INTERNET',NULL,'2010-04-08 11:46:41','2010-04-08 11:46:41'),(455,2,'20090519-33947707','20090519',-3394,7707,'ORANGE FIJO/INTERNET',NULL,'2010-04-08 11:46:41','2010-04-08 11:46:41'),(456,2,'20090522-46173090','20090522',-4617,3090,'TELEFONICA D TEL.954385131.MAY',NULL,'2010-04-08 11:46:41','2010-04-08 11:46:41'),(457,2,'200905271700020090','20090527',17000,20090,'iniciarte -BL',NULL,'2010-04-08 11:46:41','2010-04-08 11:46:41'),(458,2,'200906103000050090','20090610',30000,50090,'UNIVERSIDAD INTERNACIONAL',NULL,'2010-04-08 11:46:41','2010-04-08 11:46:41'),(459,2,'20090619-381946271','20090619',-3819,46271,'ORANGE FIJO/INTERNET',NULL,'2010-04-08 11:46:41','2010-04-08 11:46:41'),(460,2,'20090629-420004271','20090629',-42000,4271,'para autonomos -BL',NULL,'2010-04-08 11:46:41','2010-04-08 11:46:41'),(461,2,'20090720-3667604','20090720',-3667,604,'ORANGE FIJO/INTERNET',NULL,'2010-04-08 11:46:41','2010-04-08 11:46:41'),(462,2,'200907293000030604','20090729',30000,30604,'prestamo teresa - calc -BL',NULL,'2010-04-08 11:46:41','2010-04-08 11:46:41'),(463,2,'20090819-349527109','20090819',-3495,27109,'ORANGE FIJO/INTERNET',NULL,'2010-04-08 11:46:41','2010-04-08 11:46:41'),(464,2,'20090918-336423745','20090918',-3364,23745,'ORANGE FIJO/INTERNET',NULL,'2010-04-08 11:46:41','2010-04-08 11:46:41'),(465,2,'20090922-339320352','20090922',-3393,20352,'TELEFONICA D TEL.954385131.SEP',NULL,'2010-04-08 11:46:41','2010-04-08 11:46:41'),(466,2,'20091009-1000010352','20091009',-10000,10352,'ausgleich -BL',NULL,'2010-04-08 11:46:41','2010-04-08 11:46:41'),(467,2,'20091020-35826770','20091020',-3582,6770,'ORANGE FIJO/INTERNET',NULL,'2010-04-08 11:46:41','2010-04-08 11:46:41'),(468,2,'20091119-48011969','20091119',-4801,1969,'ORANGE FIJO/INTERNET',NULL,'2010-04-08 11:46:41','2010-04-08 11:46:41'),(469,2,'200911231000011969','20091123',10000,11969,'ausgleich -BL',NULL,'2010-04-08 11:46:41','2010-04-08 11:46:41'),(470,2,'20091124-61835786','20091124',-6183,5786,'TELEFONICA D TEL.954385131.NOV',NULL,'2010-04-08 11:46:41','2010-04-08 11:46:41'),(471,2,'20091201435010136','20091201',4350,10136,'GTOS TLF PAGADOS POR CALC',NULL,'2010-04-08 11:46:41','2010-04-08 11:46:41'),(472,2,'20091218-37406396','20091218',-3740,6396,'ORANGE FIJO/INTERNET',NULL,'2010-04-08 11:46:41','2010-04-08 11:46:41'),(473,2,'20091228190000196396','20091228',190000,196396,'mitad unia libro -BL',NULL,'2010-04-08 11:46:41','2010-04-08 11:46:41'),(474,2,'20100119-3364193032','20100119',-3364,193032,'ORANGE FIJO/INTERNET',NULL,'2010-04-08 11:46:41','2010-04-08 11:46:41'),(475,2,'20100122-3520189512','20100122',-3520,189512,'TELEFONICA D TEL.954385131.ENE',NULL,'2010-04-08 11:46:41','2010-04-08 11:46:41'),(476,2,'20100219-3749185763','20100219',-3749,185763,'ORANGE FIJO/INTERNET',NULL,'2010-04-08 11:46:41','2010-04-08 11:46:41'),(551,1,'20100108384800384800','20100108',384800,384800,'70pciento de e3e -BL',NULL,'2010-04-13 06:14:50','2010-04-13 06:14:50'),(552,1,'20100111-47925336875','20100111',-47925,336875,'Thomann enero -BL',NULL,'2010-04-13 06:14:50','2010-04-13 06:14:50'),(553,1,'20100111-31200305675','20100111',-31200,305675,'alguiler enero y gastos -BL',NULL,'2010-04-13 06:14:50','2010-04-13 06:14:50'),(554,1,'20100119-2247303428','20100119',-2247,303428,'HENNES & MAURIT 4036..019',NULL,'2010-04-13 06:14:50','2010-04-13 06:14:50'),(555,1,'20100119-3000300428','20100119',-3000,300428,'HENNES & MAURIT 4036..019',NULL,'2010-04-13 06:14:50','2010-04-13 06:14:50'),(556,1,'20100120-6000294428','20100120',-6000,294428,'CAJERO VISA 4036..019',NULL,'2010-04-13 06:14:50','2010-04-13 06:14:50'),(557,1,'20100125-1591292837','20100125',-1591,292837,'DIA             4036..019',NULL,'2010-04-13 06:14:50','2010-04-13 06:14:50'),(558,1,'20100125-7000285837','20100125',-7000,285837,'CAJERO VISA 4036..019',NULL,'2010-04-13 06:14:50','2010-04-13 06:14:50'),(559,1,'20100126-2000283837','20100126',-2000,283837,'CAJERO VISA 4036..019',NULL,'2010-04-13 06:14:50','2010-04-13 06:14:50'),(560,1,'20100128-995282842','20100128',-995,282842,'LIBRERIA LA ARA 4036..019',NULL,'2010-04-13 06:14:50','2010-04-13 06:14:50'),(561,1,'20100128-6000276842','20100128',-6000,276842,'CAJERO VISA 4036..019',NULL,'2010-04-13 06:14:50','2010-04-13 06:14:50'),(562,1,'20100129-825276017','20100129',-825,276017,'FNAC CALLAO     4036..019',NULL,'2010-04-13 06:14:50','2010-04-13 06:14:50'),(563,1,'20100129-2200273817','20100129',-2200,273817,'MADRID COMICS   4036..019',NULL,'2010-04-13 06:14:50','2010-04-13 06:14:50'),(564,1,'20100129-1745272072','20100129',-1745,272072,'ENCLAVE         4036..019',NULL,'2010-04-13 06:14:50','2010-04-13 06:14:50'),(565,1,'20100129-2000270072','20100129',-2000,270072,'CAJERO VISA 4036..019',NULL,'2010-04-13 06:14:50','2010-04-13 06:14:50'),(566,1,'20100201-4000266072','20100201',-4000,266072,'CAJERO VISA 4036..019',NULL,'2010-04-13 06:14:50','2010-04-13 06:14:50'),(567,1,'20100203-38800227272','20100203',-38800,227272,'Alguiler febrero y gastos -BL',NULL,'2010-04-13 06:14:50','2010-04-13 06:14:50'),(568,1,'20100203-3000224272','20100203',-3000,224272,'CAJERO VISA 4036..019',NULL,'2010-04-13 06:14:50','2010-04-13 06:14:50'),(569,1,'20100208-4000220272','20100208',-4000,220272,'CAJERO VISA 4036..019',NULL,'2010-04-13 06:14:50','2010-04-13 06:14:50'),(570,1,'20100208-895219377','20100208',-895,219377,'DOCUMENTA       4036..019',NULL,'2010-04-13 06:14:50','2010-04-13 06:14:50'),(571,1,'20100208-2090217287','20100208',-2090,217287,'LLIBRERIA DEL R 4036..019',NULL,'2010-04-13 06:14:50','2010-04-13 06:14:50'),(572,1,'20100209-2000215287','20100209',-2000,215287,'CAJERO VISA 4036..019',NULL,'2010-04-13 06:14:50','2010-04-13 06:14:50'),(573,1,'20100212-9000206287','20100212',-9000,206287,'CAJERO VISA 4036..019',NULL,'2010-04-13 06:14:50','2010-04-13 06:14:50'),(574,1,'20100215-2000204287','20100215',-2000,204287,'CAJERO VISA 4036..019',NULL,'2010-04-13 06:14:50','2010-04-13 06:14:50'),(575,1,'20100219-14000190287','20100219',-14000,190287,'CAJERO VISA 4036..019',NULL,'2010-04-13 06:14:50','2010-04-13 06:14:50'),(576,1,'20100222-2000188287','20100222',-2000,188287,'CAJERO VISA 4036..019',NULL,'2010-04-13 06:14:50','2010-04-13 06:14:50'),(577,1,'20100223-3000185287','20100223',-3000,185287,'CAJERO VISA 4036..019',NULL,'2010-04-13 06:14:50','2010-04-13 06:14:50'),(578,1,'20100226-4000181287','20100226',-4000,181287,'CAJERO VISA 4036..019',NULL,'2010-04-13 06:14:50','2010-04-13 06:14:50'),(579,1,'20100301-7000174287','20100301',-7000,174287,'CAJERO VISA 4036..019',NULL,'2010-04-13 06:14:50','2010-04-13 06:14:50'),(580,1,'20100301-3000171287','20100301',-3000,171287,'CAJERO VISA 4036..019',NULL,'2010-04-13 06:14:50','2010-04-13 06:14:50'),(581,1,'20100304-38950132337','20100304',-38950,132337,'Alquiler Febrero -BL',NULL,'2010-04-13 06:14:50','2010-04-13 06:14:50'),(582,1,'20100305-3000129337','20100305',-3000,129337,'CAJERO VISA 4036..019',NULL,'2010-04-13 06:14:50','2010-04-13 06:14:50'),(583,1,'20100308-3000126337','20100308',-3000,126337,'CAJERO VISA 4036..019',NULL,'2010-04-13 06:14:50','2010-04-13 06:14:50'),(584,1,'20100309-3000123337','20100309',-3000,123337,'CAJERO VISA 4036..019',NULL,'2010-04-13 06:14:50','2010-04-13 06:14:50'),(585,1,'20100310-2000121337','20100310',-2000,121337,'CAJERO VISA 4036..019',NULL,'2010-04-13 06:14:50','2010-04-13 06:14:50'),(586,1,'20100315-4000117337','20100315',-4000,117337,'CAJERO VISA 4036..019',NULL,'2010-04-13 06:14:50','2010-04-13 06:14:50'),(587,1,'20100315-1000116337','20100315',-1000,116337,'CAJERO VISA 4036..019',NULL,'2010-04-13 06:14:50','2010-04-13 06:14:50'),(588,1,'20100319-6000110337','20100319',-6000,110337,'CAJERO VISA 4036..019',NULL,'2010-04-13 06:14:50','2010-04-13 06:14:50'),(589,1,'20100319-3000107337','20100319',-3000,107337,'E.S. ALTUBE     4036..019',NULL,'2010-04-13 06:14:50','2010-04-13 06:14:50'),(590,1,'20100319-3000104337','20100319',-3000,104337,'CAJERO VISA 4036..019',NULL,'2010-04-13 06:14:50','2010-04-13 06:14:50'),(591,1,'20100322-3000101337','20100322',-3000,101337,'CAJERO VISA 4036..019',NULL,'2010-04-13 06:14:50','2010-04-13 06:14:50'),(592,1,'20100322-255298785','20100322',-2552,98785,'CEDIPSA ITZIAR  4036..019',NULL,'2010-04-13 06:14:50','2010-04-13 06:14:50'),(593,1,'20100322-285595930','20100322',-2855,95930,'CEDIPSA EST SER 4036..019',NULL,'2010-04-13 06:14:50','2010-04-13 06:14:50'),(594,1,'20100323-279593135','20100323',-2795,93135,'LIBRERIA TRAFIC 4036..019',NULL,'2010-04-13 06:14:50','2010-04-13 06:14:50'),(595,1,'20100323-100092135','20100323',-1000,92135,'CAJERO VISA 4036..019',NULL,'2010-04-13 06:14:50','2010-04-13 06:14:50'),(596,1,'20100323-100091135','20100323',-1000,91135,'CAJERO VISA 4036..019',NULL,'2010-04-13 06:14:50','2010-04-13 06:14:50'),(597,1,'20100325-87590260','20100325',-875,90260,'AUT.BURGOS/MIRA 4036..019',NULL,'2010-04-13 06:14:50','2010-04-13 06:14:50'),(598,1,'20100326-200088260','20100326',-2000,88260,'CAJERO VISA 4036..019',NULL,'2010-04-13 06:14:50','2010-04-13 06:14:50'),(599,1,'20100329-163786623','20100329',-1637,86623,'DIA             4036..019',NULL,'2010-04-13 06:14:50','2010-04-13 06:14:50'),(600,1,'20100329-230384320','20100329',-2303,84320,'52478208M 661913226 -BL',NULL,'2010-04-13 06:14:50','2010-04-13 06:14:50'),(601,1,'20100330-100083320','20100330',-1000,83320,'CAJERO VISA 4036..019',NULL,'2010-04-13 06:14:50','2010-04-13 06:14:50'),(602,1,'20100330-240080920','20100330',-2400,80920,'LIBRERIA LA ARA 4036..019',NULL,'2010-04-13 06:14:50','2010-04-13 06:14:50'),(603,1,'20100330-300077920','20100330',-3000,77920,'CAJERO VISA 4036..019',NULL,'2010-04-13 06:14:50','2010-04-13 06:14:50'),(604,1,'20100331-76077160','20100331',-760,77160,'AUTOPBIDEGI/DUR 4036..019',NULL,'2010-04-13 06:14:50','2010-04-13 06:14:50'),(605,1,'20100331-97776183','20100331',-977,76183,'AUTOPBIDEGI/ZAR 4036..019',NULL,'2010-04-13 06:14:50','2010-04-13 06:14:50'),(606,1,'20100401-400072183','20100401',-4000,72183,'CAJERO VISA 4036..019',NULL,'2010-04-13 06:14:50','2010-04-13 06:14:50'),(607,1,'20100405-200070183','20100405',-2000,70183,'CAJERO VISA 4036..019',NULL,'2010-04-13 06:14:50','2010-04-13 06:14:50'),(608,1,'20100405-181068373','20100405',-1810,68373,'ZURUKATI SL     4036..019',NULL,'2010-04-13 06:14:50','2010-04-13 06:14:50'),(609,1,'20100405-1747650897','20100405',-17476,50897,'Constitucion de la Asoc. -BL','28/05/2010 - Dani: Factura de la gestoría\n','2010-04-13 06:14:50','2010-05-28 15:36:34'),(610,1,'20100407-400046897','20100407',-4000,46897,'CAJERO VISA 4036..019',NULL,'2010-04-13 06:14:50','2010-04-13 06:14:50'),(611,1,'20100409-200044897','20100409',-2000,44897,'CAJERO VISA 4036..019',NULL,'2010-04-13 06:14:50','2010-04-13 06:14:50'),(612,1,'20100412-400040897','20100412',-4000,40897,'CAJERO VISA 4036..019',NULL,'2010-04-13 06:14:50','2010-04-13 06:14:50'),(613,1,'20100413-2990010997','20100413',-29900,10997,'Alquiler Marzo -BL',NULL,'2010-04-13 06:14:50','2010-04-13 06:14:50'),(614,1,'20100414-30007997','20100414',-3000,7997,'CAJERO VISA 4036..019',NULL,'2010-05-28 12:20:04','2010-05-28 12:20:04'),(615,1,'20100414-50002997','20100414',-5000,2997,'CAJERO VISA 4036..019',NULL,'2010-05-28 12:20:04','2010-05-28 12:20:04'),(616,1,'20100415300000302997','20100415',300000,302997,'Parte de Surevine a Dani -BL',NULL,'2010-05-28 12:20:04','2010-05-28 12:20:04'),(617,1,'20100415-2000300997','20100415',-2000,300997,'CAJERO VISA 4036..019',NULL,'2010-05-28 12:20:04','2010-05-28 12:20:04'),(618,1,'20100419-1000299997','20100419',-1000,299997,'CEDIPSA CERRO D 4036..019',NULL,'2010-05-28 12:20:04','2010-05-28 12:20:04'),(619,1,'20100419-4000295997','20100419',-4000,295997,'CAJERO VISA 4036..019',NULL,'2010-05-28 12:20:04','2010-05-28 12:20:04'),(620,1,'20100419-2000293997','20100419',-2000,293997,'CAJERO VISA 4036..019',NULL,'2010-05-28 12:20:04','2010-05-28 12:20:04'),(621,1,'20100419-3000290997','20100419',-3000,290997,'CAJERO VISA 4036..019',NULL,'2010-05-28 12:20:04','2010-05-28 12:20:04'),(622,1,'20100426-4550286447','20100426',-4550,286447,'NOSTROMO COMICS 4036..019','28/05/2010 - Dani: Hacer comics. Zombies. Enkil Bilal\n','2010-05-28 12:20:04','2010-05-28 15:35:51'),(623,1,'20100426-3080283367','20100426',-3080,283367,'FNAC SEVILLA    4036..019','28/05/2010 - Dani: Docus musicales y no sé qué mas...\n','2010-05-28 12:20:04','2010-05-28 15:36:16'),(624,1,'20100426-2000281367','20100426',-2000,281367,'CAJERO VISA 4036..019',NULL,'2010-05-28 12:20:04','2010-05-28 12:20:04'),(625,1,'20100426-100000181367','20100426',-100000,181367,'Deudas -BL','28/05/2010 - Dani: La pasta que debo a cris\n','2010-05-28 12:20:04','2010-05-28 15:33:32'),(626,1,'20100426-5000176367','20100426',-5000,176367,'CAJERO VISA 4036..019',NULL,'2010-05-28 12:20:04','2010-05-28 12:20:04'),(627,1,'20100427-1995174372','20100427',-1995,174372,'HENNES & MAURIT 4036..019',NULL,'2010-05-28 12:20:04','2010-05-28 12:20:04'),(628,1,'20100427-695173677','20100427',-695,173677,'FNAC SEVILLA    4036..019','28/05/2010 - Dani: Libro de cumple de cris\n','2010-05-28 12:20:04','2010-05-28 15:33:21'),(629,1,'20100503-3000170677','20100503',-3000,170677,'CAJERO VISA 4036..019',NULL,'2010-05-28 12:20:04','2010-05-28 12:20:04'),(630,1,'20100503-3000167677','20100503',-3000,167677,'CAJERO VISA 4036..019',NULL,'2010-05-28 12:20:04','2010-05-28 12:20:04'),(631,1,'20100504-2000165677','20100504',-2000,165677,'CAJERO VISA 4036..019',NULL,'2010-05-28 12:20:04','2010-05-28 12:20:04'),(632,1,'20100507-2000163677','20100507',-2000,163677,'CAJERO VISA 4036..019',NULL,'2010-05-28 12:20:04','2010-05-28 12:20:04'),(633,1,'20100510-4000159677','20100510',-4000,159677,'CAJERO VISA 4036..019',NULL,'2010-05-28 12:20:04','2010-05-28 12:20:04'),(634,1,'20100514-4000155677','20100514',-4000,155677,'CAJERO VISA 4036..019',NULL,'2010-05-28 12:20:04','2010-05-28 12:20:04'),(635,1,'20100517-2000153677','20100517',-2000,153677,'CAJERO VISA 4036..019',NULL,'2010-05-28 12:20:04','2010-05-28 12:20:04'),(636,1,'20100517-1660152017','20100517',-1660,152017,'ZURUKATI SL     4036..019','28/05/2010 - Dani: Invitar a cris al gatoazul\n','2010-05-28 12:20:04','2010-05-28 15:32:04'),(637,1,'20100517-36200115817','20100517',-36200,115817,'Alquiler y gastos -BL',NULL,'2010-05-28 12:20:04','2010-05-28 12:20:04'),(638,1,'20100518-2000113817','20100518',-2000,113817,'CAJERO VISA 4036..019',NULL,'2010-05-28 12:20:04','2010-05-28 12:20:04'),(639,1,'20100518-2000111817','20100518',-2000,111817,'CAJERO VISA 4036..019',NULL,'2010-05-28 12:20:04','2010-05-28 12:20:04'),(640,1,'20100524-2000109817','20100524',-2000,109817,'CAJERO VISA 4036..019',NULL,'2010-05-28 12:20:04','2010-05-28 12:20:04'),(641,1,'20100525-1600093817','20100525',-16000,93817,'CAJERO VISA 4036..019','28/05/2010 - Dani: Adelanto botellines. (En realidad 140 €)\n','2010-05-28 12:20:04','2010-05-28 15:31:45'),(642,1,'20100525-400089817','20100525',-4000,89817,'CAJERO VISA 4036..019','28/05/2010 - Dani: 30 en Reyes (le devo 10 a David)\n','2010-05-28 12:20:04','2010-05-28 15:32:38'),(643,3,'20100527254391855718','20100527',25439,1855718,'TESORERIA TERRITORIAL S.',NULL,'2010-05-28 13:49:00','2010-05-28 13:49:00'),(644,3,'20100526-500001830279','20100526',-50000,1830279,'UNIAjob - comunicacion -BL','28/05/2010 - Dani: Omi, esto es más que el 70%...\n','2010-05-28 13:49:00','2010-05-28 15:38:19'),(645,3,'20100526580001880279','20100526',58000,1880279,'UNIVERSIDAD INTERNACIONAL',NULL,'2010-05-28 13:49:00','2010-05-28 13:49:00'),(646,3,'201005201109541822279','20100520',110954,1822279,'ABONO TRANSF.B.SANTANDER',NULL,'2010-05-28 13:49:00','2010-05-28 13:49:00'),(647,3,'20100518-81001711325','20100518',-8100,1711325,'baniela, back to me -BL',NULL,'2010-05-28 13:49:00','2010-05-28 13:49:00'),(648,3,'2010051881201719425','20100518',8120,1719425,'BANIELA NUNEZ PROMOCIONES',NULL,'2010-05-28 13:49:00','2010-05-28 13:49:00'),(649,3,'20100512-41381711305','20100512',-4138,1711305,'VODAFONE ESP Vodafone 13551334',NULL,'2010-05-28 13:49:00','2010-05-28 13:49:00'),(650,3,'20100506-19001715443','20100506',-1900,1715443,'y-land dominio dos años -BL',NULL,'2010-05-28 13:49:00','2010-05-28 13:49:00'),(651,3,'20100503-300001717343','20100503',-30000,1717343,'little job uni sevilla -BL',NULL,'2010-05-28 13:49:00','2010-05-28 13:49:00'),(652,3,'20100430-251701747343','20100430',-25170,1747343,'RBO R.E.AUTONOMOS          -AQ',NULL,'2010-05-28 13:49:00','2010-05-28 13:49:00'),(653,3,'20100430-268121772513','20100430',-26812,1772513,'RBO R.E.AUTONOMOS          -AQ',NULL,'2010-05-28 13:49:00','2010-05-28 13:49:00'),(654,3,'20100429348001799325','20100429',34800,1799325,'UNIVERSIDAD DE SEVILLA',NULL,'2010-05-28 13:49:00','2010-05-28 13:49:00'),(655,3,'20100426-840001764525','20100426',-84000,1764525,'revista SI menos IVA -BL',NULL,'2010-05-28 13:49:00','2010-05-28 13:49:00'),(656,3,'20100423974401848525','20100423',97440,1848525,'FUNDACION ESPA OLA PARA L',NULL,'2010-05-28 13:49:00','2010-05-28 13:49:00'),(657,3,'20100421-232001751085','20100421',-23200,1751085,'GESTIUNION ASESORES S.L.',NULL,'2010-05-28 13:49:00','2010-05-28 13:49:00'),(658,3,'20100420-1005381774285','20100420',-100538,1774285,'IM-21-130-1307791393115-524782',NULL,'2010-05-28 13:49:00','2010-05-28 13:49:00'),(659,3,'20100420-895881874823','20100420',-89588,1874823,'IM-21-130-1307500380076-X16464',NULL,'2010-05-28 13:49:00','2010-05-28 13:49:00'),(660,3,'20100415-3000001964411','20100415',-300000,1964411,'Parte de Surevine a Dani -BL',NULL,'2010-05-28 13:49:00','2010-05-28 13:49:00'),(661,3,'20100412-84852264411','20100412',-8485,2264411,'VODAFONE ESP Vodafone 07188662',NULL,'2010-05-28 13:49:00','2010-05-28 13:49:00'),(662,1,'20100614-3000970534','20100614',-3000,970534,'CAJERO VISA 4036..019','15/06/2010 - Dani: gastos (buenasnoches cartuja...)\n','2010-06-15 00:32:20','2010-06-15 00:33:46'),(663,1,'20100614-2000973534','20100614',-2000,973534,'CAJERO VISA 4036..019','15/06/2010 - Dani: Reyes (a medias con David)\n15/06/2010 - Dani: Reyes (a medias con D)\n','2010-06-15 00:32:20','2010-06-15 00:33:16'),(664,1,'20100609-4000975534','20100609',-4000,975534,'CAJERO VISA 4036..019','15/06/2010 - Dani: Duke Ellington...\n','2010-06-15 00:32:20','2010-06-15 00:32:47'),(665,1,'20100608-29900979534','20100608',-29900,979534,'Alquiler Junio -BL',NULL,'2010-06-15 00:32:20','2010-06-15 00:32:20'),(666,1,'20100601-103831009434','20100601',-10383,1009434,'CARGOS RECIBOS VISA','15/06/2010 - Dani: dominios (saturno, lasbuenasnoches ¿y ...?)\n','2010-06-15 00:32:20','2010-06-15 00:34:34'),(667,1,'201005289300001019817','20100528',930000,1019817,'Surevine - 14pct (no iva) -BL',NULL,'2010-06-15 00:32:20','2010-06-15 00:32:20'),(668,1,'20100630-2000994234','20100630',-2000,994234,'CAJERO VISA 4036..019','30/06/2010 - Dani: Bote\n','2010-06-30 21:06:07','2010-06-30 21:07:24'),(669,1,'20100629-2000996234','20100629',-2000,996234,'CAJERO VISA 4036..019','30/06/2010 - Dani: Arreglar bici\n','2010-06-30 21:06:07','2010-06-30 21:07:18'),(670,1,'20100628-4000998234','20100628',-4000,998234,'CAJERO VISA 4036..019',NULL,'2010-06-30 21:06:07','2010-06-30 21:06:07'),(671,1,'20100623-15001002234','20100623',-1500,1002234,'FNAC SEVILLA    4036..019','30/06/2010 - Dani: Locas para Vega en su cumple\n','2010-06-30 21:06:07','2010-06-30 21:07:09'),(672,1,'20100623-38001003734','20100623',-3800,1003734,'LIBRERIA LA ARA 4036..019','30/06/2010 - Dani: Cosas que los nietos deberían saber / La lucha contra el demonio (Zweig)\n','2010-06-30 21:06:07','2010-06-30 21:06:54'),(673,1,'20100623-50001007534','20100623',-5000,1007534,'CAJERO VISA 4036..019',NULL,'2010-06-30 21:06:07','2010-06-30 21:06:07'),(674,1,'20100623400001012534','20100623',40000,1012534,'WEB',NULL,'2010-06-30 21:06:07','2010-06-30 21:06:07'),(675,1,'20100622-30000972534','20100622',-30000,972534,'CAJERO VISA 4036..019','30/06/2010 - Dani: Alquiler Rebeca julio/agosto (Shapiros)\n','2010-06-30 21:06:07','2010-06-30 21:07:45'),(676,1,'20100621-20001002534','20100621',-2000,1002534,'CAJERO VISA 4036..019',NULL,'2010-06-30 21:06:07','2010-06-30 21:06:07'),(677,1,'20100618-20001004534','20100618',-2000,1004534,'CAJERO VISA 4036..019',NULL,'2010-06-30 21:06:07','2010-06-30 21:06:07'),(678,1,'20100617400001006534','20100617',40000,1006534,'diseño web flo -BL',NULL,'2010-06-30 21:06:07','2010-06-30 21:06:07'),(679,1,'20100616-1000966534','20100616',-1000,966534,'CAJERO VISA 4036..019',NULL,'2010-06-30 21:06:07','2010-06-30 21:06:07'),(680,1,'20100615-3000967534','20100615',-3000,967534,'CAJERO VISA 4036..019',NULL,'2010-06-30 21:06:07','2010-06-30 21:06:07'),(681,1,'20100715100001063233','20100715',10000,1063233,'100 euros a Mavi -BL',NULL,'2010-07-15 15:12:37','2010-07-15 15:12:37'),(682,1,'20100715-60001053233','20100715',-6000,1053233,'CAJERO VISA 4036..019','15/07/2010 - Dani: tocadiscos, ampli y altavoces para la mari\n','2010-07-15 15:12:37','2010-07-15 15:13:23'),(683,1,'20100715200001059233','20100715',20000,1059233,'IGNACIO VALERO MAESTRO','15/07/2010 - Dani: hala hala\n','2010-07-15 15:12:37','2010-07-15 15:13:27'),(684,1,'20100714-150001039233','20100714',-15000,1039233,'CAJERO VISA 4036..019','15/07/2010 - Dani: 50 euros miguel\n15/07/2010 - Dani: 30 euros julio\n15/07/2010 - Dani: 20 euros David\n15/07/2010 - Dani: 20 euros dani\n15/07/2010 - Dani: ventilador, ya era hora!!\n','2010-07-15 15:12:37','2010-07-15 15:14:18'),(685,1,'20100713-100001054233','20100713',-10000,1054233,'CAJERO VISA 4036..019','15/07/2010 - Dani: 100 euros mavi\n','2010-07-15 15:12:37','2010-07-15 15:14:29'),(686,1,'20100713-20001064233','20100713',-2000,1064233,'CAJERO VISA 4036..019',NULL,'2010-07-15 15:12:37','2010-07-15 15:12:37'),(687,1,'20100712-10001066233','20100712',-1000,1066233,'CAJERO VISA 4036..019',NULL,'2010-07-15 15:12:37','2010-07-15 15:12:37'),(688,1,'201007051000001067233','20100705',100000,1067233,'JUAN RICARDO GOMEZ GIL','15/07/2010 - Dani: cumpleaños, se han pasao\n','2010-07-15 15:12:37','2010-07-15 15:14:37'),(689,1,'20100705-5000967233','20100705',-5000,967233,'CAJERO VISA 4036..019',NULL,'2010-07-15 15:12:37','2010-07-15 15:12:37'),(690,1,'20100705-2000972233','20100705',-2000,972233,'CAJERO VISA 4036..019',NULL,'2010-07-15 15:12:37','2010-07-15 15:12:37'),(691,1,'20100701-3724974233','20100701',-3724,974233,'52478208M 661913226 -BL',NULL,'2010-07-15 15:12:37','2010-07-15 15:12:37'),(692,1,'20100701-16277977957','20100701',-16277,977957,'CARGOS RECIBOS VISA','15/07/2010 - Dani: bajo? guitarra? ebay...\n','2010-07-15 15:12:37','2010-07-15 15:16:57'),(693,1,'20100811-3165976164','20100811',-3165,976164,'PINGO DOCE      4036..019','12/08/2010 - Dani: recompra portugal\n','2010-08-12 07:30:14','2010-08-12 07:31:33'),(694,1,'201008103165979329','20100810',3165,979329,'Retroc.PINGO DOCE S.A. 40','12/08/2010 - Dani: compra frustrada\n','2010-08-12 07:30:14','2010-08-12 07:31:26'),(695,1,'20100809-8000976164','20100809',-8000,976164,'CAJERO VISA 4036..019','12/08/2010 - Dani: gastos portugal\n','2010-08-12 07:30:14','2010-08-12 07:31:20'),(696,1,'20100809-3165984164','20100809',-3165,984164,'PINGO DOCE S.A. 4036..019','12/08/2010 - Dani: compra robo portugal\n','2010-08-12 07:30:14','2010-08-12 07:31:15'),(697,1,'20100806-2770987329','20100806',-2770,987329,'E.S. EL ROCIO   4036..019','12/08/2010 - Dani: gasolina vega portugal\n','2010-08-12 07:30:14','2010-08-12 07:30:59'),(698,1,'20100805-1000990099','20100805',-1000,990099,'CAJERO VISA 4036..019',NULL,'2010-08-12 07:30:14','2010-08-12 07:30:14'),(699,1,'20100802-13000991099','20100802',-13000,991099,'CARGOS RECIBOS VISA','12/08/2010 - Dani: guitarra\n','2010-08-12 07:30:14','2010-08-12 07:30:49'),(700,1,'20100802-19501004099','20100802',-1950,1004099,'SOCIBUS, S.A.   4036..019','12/08/2010 - Dani: viaje a madrid\n','2010-08-12 07:30:14','2010-08-12 07:31:40'),(701,1,'20100730-30001006049','20100730',-3000,1006049,'CAJERO VISA 4036..019',NULL,'2010-08-12 07:30:14','2010-08-12 07:30:14'),(702,1,'20100730-35551009049','20100730',-3555,1009049,'MUSICAL ORTIZ   4036..019','12/08/2010 - Dani: cuerdas de bajo nuevo\n','2010-08-12 07:30:14','2010-08-12 07:31:47'),(703,1,'20100728-37491012604','20100728',-3749,1012604,'52478208M 661913226 -BL','12/08/2010 - Dani: teléfono\n','2010-08-12 07:30:14','2010-08-12 07:31:52'),(704,1,'20100726-20001016353','20100726',-2000,1016353,'CAJERO VISA 4036..019',NULL,'2010-08-12 07:30:14','2010-08-12 07:30:14'),(705,1,'20100722-30001018353','20100722',-3000,1018353,'CAJERO VISA 4036..019',NULL,'2010-08-12 07:30:14','2010-08-12 07:30:14'),(706,1,'20100722-23801021353','20100722',-2380,1021353,'ZURUKATI SL     4036..019','12/08/2010 - Dani: cena? comida?\n','2010-08-12 07:30:14','2010-08-12 07:33:12'),(707,1,'20100720-11001023733','20100720',-1100,1023733,'DISCOS LATIMORE 4036..019','12/08/2010 - Dani: los kinks\n','2010-08-12 07:30:14','2010-08-12 07:32:02'),(708,1,'20100716-354001024833','20100716',-35400,1024833,'Alquiler Julio y Gastos -BL',NULL,'2010-08-12 07:30:14','2010-08-12 07:30:14'),(709,1,'20100715-30001060233','20100715',-3000,1060233,'CAJERO VISA 4036..019',NULL,'2010-08-12 07:30:14','2010-08-12 07:30:14'),(710,1,'20101011-2000754656','20101011',-2000,754656,'CAJERO VISA 4036..019','12/10/2010 - Dani: Reyes...\n','2010-10-12 13:17:03','2010-10-12 13:17:24'),(711,1,'20101011-2000756656','20101011',-2000,756656,'CAJERO VISA 4036..019','12/10/2010 - Dani: Comida con miguel\n','2010-10-12 13:17:03','2010-10-12 13:17:32'),(712,1,'20101011-32500758656','20101011',-32500,758656,'Alquiler Octubre y gastos -BL',NULL,'2010-10-12 13:17:03','2010-10-12 13:17:03'),(713,1,'20101011-8500791156','20101011',-8500,791156,'Shapiros - Octubre -BL','12/10/2010 - Dani: Pendiente de cobrar\n','2010-10-12 13:17:03','2010-10-12 13:17:40'),(714,1,'20101007-2000799656','20101007',-2000,799656,'CAJERO VISA 4036..019',NULL,'2010-10-12 13:17:03','2010-10-12 13:17:03'),(715,1,'20101007-5000801656','20101007',-5000,801656,'SUSCRIPCIONES DIAGONAL',NULL,'2010-10-12 13:17:03','2010-10-12 13:17:03'),(716,1,'20101004-2000806656','20101004',-2000,806656,'CAJERO VISA 4036..019',NULL,'2010-10-12 13:17:03','2010-10-12 13:17:03'),(717,1,'20101004-2000808656','20101004',-2000,808656,'CAJERO VISA 4036..019',NULL,'2010-10-12 13:17:03','2010-10-12 13:17:03'),(718,1,'20100930-3416810656','20100930',-3416,810656,'52478208M 661913226 -BL',NULL,'2010-10-12 13:17:03','2010-10-12 13:17:03'),(719,1,'20100930-1841814072','20100930',-1841,814072,'DIA             4036..019',NULL,'2010-10-12 13:17:03','2010-10-12 13:17:03'),(720,1,'20100928-2000815913','20100928',-2000,815913,'CAJERO VISA 4036..019',NULL,'2010-10-12 13:17:03','2010-10-12 13:17:03'),(721,1,'20100927-2000817913','20100927',-2000,817913,'CAJERO VISA 4036..019',NULL,'2010-10-12 13:17:03','2010-10-12 13:17:03'),(722,1,'20100927-2000819913','20100927',-2000,819913,'CAJERO VISA 4036..019',NULL,'2010-10-12 13:17:03','2010-10-12 13:17:03'),(723,1,'20100924-1000821913','20100924',-1000,821913,'CAJERO VISA 4036..019',NULL,'2010-10-12 13:17:03','2010-10-12 13:17:03'),(724,1,'20100923-4000822913','20100923',-4000,822913,'CAJERO VISA 4036..019',NULL,'2010-10-12 13:17:03','2010-10-12 13:17:03'),(725,1,'20100923-795826913','20100923',-795,826913,'METRO BARCELONA 4036..019',NULL,'2010-10-12 13:17:03','2010-10-12 13:17:03'),(726,1,'20100923-15900827708','20100923',-15900,827708,'OPTICA TUTUSAUS 4036..019',NULL,'2010-10-12 13:17:04','2010-10-12 13:17:04'),(727,1,'20100922-2000843608','20100922',-2000,843608,'CAJERO VISA 4036..019',NULL,'2010-10-12 13:17:04','2010-10-12 13:17:04'),(728,1,'20100920-3000845608','20100920',-3000,845608,'CAJERO VISA 4036..019',NULL,'2010-10-12 13:17:04','2010-10-12 13:17:04'),(729,1,'20100917-2000848608','20100917',-2000,848608,'CAJERO VISA 4036..019',NULL,'2010-10-12 13:17:04','2010-10-12 13:17:04'),(730,1,'20100916-2000850608','20100916',-2000,850608,'CAJERO VISA 4036..019',NULL,'2010-10-12 13:17:04','2010-10-12 13:17:04'),(731,1,'20100914-8250852608','20100914',-8250,852608,'Billete Dani BCN -BL',NULL,'2010-10-12 13:17:04','2010-10-12 13:17:04'),(732,1,'20100913-2857860858','20100913',-2857,860858,'DIA             4036..019',NULL,'2010-10-12 13:17:04','2010-10-12 13:17:04'),(733,1,'20100910-3340863715','20100910',-3340,863715,'VIRGEN DE LAS N 4036..019',NULL,'2010-10-12 13:17:04','2010-10-12 13:17:04'),(734,1,'20100910-8500867055','20100910',-8500,867055,'Shapiros - septiembre -BL',NULL,'2010-10-12 13:17:04','2010-10-12 13:17:04'),(735,1,'2010090911000875555','20100909',11000,875555,'PAU COMPTE ANDRES','12/10/2010 - Dani: Billete Pau\n','2010-10-12 13:17:04','2010-10-12 13:18:17'),(736,1,'20100908-4000864555','20100908',-4000,864555,'CAJERO VISA 4036..019',NULL,'2010-10-12 13:17:04','2010-10-12 13:17:04'),(737,1,'20100906-6000868555','20100906',-6000,868555,'CAJERO VISA 4036..019',NULL,'2010-10-12 13:17:04','2010-10-12 13:17:04'),(738,1,'20100906-2000874555','20100906',-2000,874555,'CAJERO VISA 4036..019',NULL,'2010-10-12 13:17:04','2010-10-12 13:17:04'),(739,1,'20100903-30900876555','20100903',-30900,876555,'Alquiler Sept y gastos -BL',NULL,'2010-10-12 13:17:04','2010-10-12 13:17:04'),(740,1,'20100902-4000907455','20100902',-4000,907455,'CAJERO VISA 4036..019',NULL,'2010-10-12 13:17:04','2010-10-12 13:17:04'),(741,1,'20100901-2000911455','20100901',-2000,911455,'CAJERO VISA 4036..019',NULL,'2010-10-12 13:17:04','2010-10-12 13:17:04'),(742,1,'20100901-10907913455','20100901',-10907,913455,'CARGOS RECIBOS VISA','12/10/2010 - Dani: Billete Pau\n','2010-10-12 13:17:04','2010-10-12 13:18:11'),(743,1,'20100830-3000924362','20100830',-3000,924362,'CAJERO VISA 4036..019',NULL,'2010-10-12 13:17:04','2010-10-12 13:17:04'),(744,1,'20100827-3050927362','20100827',-3050,927362,'SUPERMERCADOS M 4036..019',NULL,'2010-10-12 13:17:04','2010-10-12 13:17:04'),(745,1,'20100823-3000930412','20100823',-3000,930412,'CAJERO VISA 4036..019',NULL,'2010-10-12 13:17:04','2010-10-12 13:17:04'),(746,1,'20100823-4252933412','20100823',-4252,933412,'52478208M 661913226 -BL',NULL,'2010-10-12 13:17:04','2010-10-12 13:17:04'),(747,1,'20100823-31500937664','20100823',-31500,937664,'Alquiler Agosto y gastos -BL',NULL,'2010-10-12 13:17:04','2010-10-12 13:17:04'),(748,1,'20100820-1000969164','20100820',-1000,969164,'CAJERO VISA 4036..019',NULL,'2010-10-12 13:17:04','2010-10-12 13:17:04'),(749,1,'20100816-2000970164','20100816',-2000,970164,'CAJERO VISA 4036..019',NULL,'2010-10-12 13:17:04','2010-10-12 13:17:04'),(750,1,'20100812-4000972164','20100812',-4000,972164,'CAJERO VISA 4036..019',NULL,'2010-10-12 13:17:04','2010-10-12 13:17:04'),(751,3,'20101015-29902771190','20101015',-29902,771190,'providencia de apremio -BL',NULL,'2010-10-17 19:46:35','2010-10-17 19:46:35'),(752,3,'20101014-4386801092','20101014',-4386,801092,'VODAFONE ESP Vodafone 45643669',NULL,'2010-10-17 19:46:35','2010-10-17 19:46:35'),(753,3,'20100930-25170805478','20100930',-25170,805478,'RBO R.E.AUTONOMOS          -AQ',NULL,'2010-10-17 19:46:36','2010-10-17 19:46:36'),(754,3,'20100930-26812830648','20100930',-26812,830648,'RBO R.E.AUTONOMOS          -AQ',NULL,'2010-10-17 19:46:36','2010-10-17 19:46:36'),(755,3,'20100913-4541857460','20100913',-4541,857460,'VODAFONE ESP Vodafone 39182061',NULL,'2010-10-17 19:46:36','2010-10-17 19:46:36'),(756,3,'20100831-25170862001','20100831',-25170,862001,'RBO R.E.AUTONOMOS          -AQ',NULL,'2010-10-17 19:46:36','2010-10-17 19:46:36'),(757,3,'20100831-26812887171','20100831',-26812,887171,'RBO R.E.AUTONOMOS          -AQ',NULL,'2010-10-17 19:46:36','2010-10-17 19:46:36'),(758,3,'20100826201403913983','20100826',201403,913983,'ABONO TRANSF.B.SANTANDER','17/10/2010 - Dani: Surevine - (no lleva IVA)\n','2010-10-17 19:46:36','2010-10-17 19:47:36'),(759,3,'20100812-10229712580','20100812',-10229,712580,'VODAFONE ESP Vodafone 32759060','17/10/2010 - Dani: surevine - dani (no lleva iva)\n','2010-10-17 19:46:36','2010-10-17 19:47:16'),(760,3,'20100803-12000722809','20100803',-12000,722809,'archivo calc -BL',NULL,'2010-10-17 19:46:36','2010-10-17 19:46:36'),(761,3,'20100730-25170734809','20100730',-25170,734809,'RBO R.E.AUTONOMOS          -AQ',NULL,'2010-10-17 19:46:36','2010-10-17 19:46:36'),(762,3,'20100730-26812759979','20100730',-26812,759979,'RBO R.E.AUTONOMOS          -AQ',NULL,'2010-10-17 19:46:36','2010-10-17 19:46:36'),(763,3,'20100721-17700786791','20100721',-17700,786791,'GESTIUNION ASESORES SL',NULL,'2010-10-17 19:46:36','2010-10-17 19:46:36'),(764,3,'20100713-11904804491','20100713',-11904,804491,'VODAFONE ESP Vodafone 26329503',NULL,'2010-10-17 19:46:36','2010-10-17 19:46:36'),(765,3,'20100630-25170816395','20100630',-25170,816395,'RBO R.E.AUTONOMOS          -AQ',NULL,'2010-10-17 19:46:36','2010-10-17 19:46:36'),(766,3,'20100630-26812841565','20100630',-26812,841565,'RBO R.E.AUTONOMOS          -AQ',NULL,'2010-10-17 19:46:36','2010-10-17 19:46:36'),(767,3,'20100610-5359868377','20100610',-5359,868377,'VODAFONE ESP Vodafone 19947394',NULL,'2010-10-17 19:46:36','2010-10-17 19:46:36'),(768,3,'20100531-25170873736','20100531',-25170,873736,'RBO R.E.AUTONOMOS          -AQ',NULL,'2010-10-17 19:46:36','2010-10-17 19:46:36'),(769,3,'20100531-26812898906','20100531',-26812,898906,'RBO R.E.AUTONOMOS          -AQ',NULL,'2010-10-17 19:46:36','2010-10-17 19:46:36'),(770,3,'20100528-930000925718','20100528',-930000,925718,'Surevine - 14pct (no iva) -BL',NULL,'2010-10-17 19:46:36','2010-10-17 19:46:36'),(771,1,'20101015-1390294266','20101015',-1390,294266,'FNAC SEVILLA    4036..019','17/10/2010 - Dani: Cumple de Rocío\n','2010-10-17 19:50:54','2010-10-17 19:51:13'),(772,1,'20101015-4000295656','20101015',-4000,295656,'CAJERO VISA 4036..019','17/10/2010 - Dani: Gastos + Libro de Bicicletas Blancas\n','2010-10-17 19:50:54','2010-10-17 19:51:25'),(773,1,'20101013-3000299656','20101013',-3000,299656,'CAJERO VISA 4036..019',NULL,'2010-10-17 19:50:54','2010-10-17 19:50:54'),(774,1,'20101013-2000302656','20101013',-2000,302656,'CAJERO VISA 4036..019',NULL,'2010-10-17 19:50:54','2010-10-17 19:50:54'),(775,1,'20101013-450000304656','20101013',-450000,304656,'40 de Surevine -BL','17/10/2010 - Dani: Pago a Vicente (40% surevine)\n','2010-10-17 19:50:54','2010-10-17 19:51:40'),(776,1,'20101216-4000161748','20101216',-4000,161748,'CAJERO VISA 4036..019',NULL,'2010-12-19 16:38:38','2010-12-19 16:38:38'),(777,1,'20101215-4000165748','20101215',-4000,165748,'CAJERO VISA 4036..019',NULL,'2010-12-19 16:38:38','2010-12-19 16:38:38'),(778,1,'20101213-4850169748','20101213',-4850,169748,'E.S. LUBEXPRES  4036..019','19/12/2010 - Dani: Jamón\n','2010-12-19 16:38:38','2010-12-19 16:41:53'),(779,1,'20101213-3000174598','20101213',-3000,174598,'CAJERO VISA 4036..019',NULL,'2010-12-19 16:38:38','2010-12-19 16:38:38'),(780,1,'20101213-1000177598','20101213',-1000,177598,'E. S. LA RAZA   4036..019','19/12/2010 - Dani: Gasolina\n','2010-12-19 16:38:38','2010-12-19 16:42:25'),(781,1,'20101209-2449178598','20101209',-2449,178598,'SUPERMERCADOS M 4036..019','19/12/2010 - Dani: Comida estudio\n','2010-12-19 16:38:38','2010-12-19 16:42:42'),(782,1,'20101209-23400181047','20101209',-23400,181047,'Alquiler Diciembre -BL',NULL,'2010-12-19 16:38:38','2010-12-19 16:38:38'),(783,1,'20101207-2000204447','20101207',-2000,204447,'CAJERO VISA 4036..019',NULL,'2010-12-19 16:38:38','2010-12-19 16:38:38'),(784,1,'20101207-2062206447','20101207',-2062,206447,'DIA             4036..019',NULL,'2010-12-19 16:38:38','2010-12-19 16:38:38'),(785,1,'20101203-2000208509','20101203',-2000,208509,'CAJERO VISA 4036..019',NULL,'2010-12-19 16:38:38','2010-12-19 16:38:38'),(786,1,'20101201-6934210509','20101201',-6934,210509,'CARGOS RECIBOS VISA',NULL,'2010-12-19 16:38:38','2010-12-19 16:38:38'),(787,1,'20101130-3000217443','20101130',-3000,217443,'CAJERO VISA 4036..019',NULL,'2010-12-19 16:38:38','2010-12-19 16:38:38'),(788,1,'20101129-1000220443','20101129',-1000,220443,'CAJERO VISA 4036..019',NULL,'2010-12-19 16:38:38','2010-12-19 16:38:38'),(789,1,'20101124-1721221443','20101124',-1721,221443,'DIA             4036..019',NULL,'2010-12-19 16:38:38','2010-12-19 16:38:38'),(790,1,'20101122-17000223164','20101122',-17000,223164,'Alquiler Shapiros Nov Dic -BL',NULL,'2010-12-19 16:38:38','2010-12-19 16:38:38'),(791,1,'20101122-2000240164','20101122',-2000,240164,'CAJERO VISA 4036..019',NULL,'2010-12-19 16:38:38','2010-12-19 16:38:38'),(792,1,'20101122-3490242164','20101122',-3490,242164,'52478208M 661913226 -BL',NULL,'2010-12-19 16:38:38','2010-12-19 16:38:38'),(793,1,'20101118-12000245654','20101118',-12000,245654,'CAJERO VISA 4036..019',NULL,'2010-12-19 16:38:38','2010-12-19 16:38:38'),(794,1,'20101116-2000257654','20101116',-2000,257654,'CAJERO VISA 4552..021',NULL,'2010-12-19 16:38:38','2010-12-19 16:38:38'),(795,1,'20101115-6000259654','20101115',-6000,259654,'CAJERO VISA 4036..019',NULL,'2010-12-19 16:38:38','2010-12-19 16:38:38'),(796,1,'20101112-8000265654','20101112',-8000,265654,'CAJERO VISA 4036..019',NULL,'2010-12-19 16:38:38','2010-12-19 16:38:38'),(797,1,'20101112-4000273654','20101112',-4000,273654,'CAJERO VISA 4036..019',NULL,'2010-12-19 16:38:38','2010-12-19 16:38:38'),(798,1,'20101110-37900277654','20101110',-37900,277654,'Alquiler Noviembre Gastos -BL',NULL,'2010-12-19 16:38:38','2010-12-19 16:38:38'),(799,1,'20101108-2000315554','20101108',-2000,315554,'CAJERO VISA 4036..019',NULL,'2010-12-19 16:38:38','2010-12-19 16:38:38'),(800,1,'2010110251500317554','20101102',51500,317554,'FERNANDEZ DURAN BEATRIZ',NULL,'2010-12-19 16:38:38','2010-12-19 16:38:38'),(801,1,'20101102-4000266054','20101102',-4000,266054,'CAJERO VISA 4036..019',NULL,'2010-12-19 16:38:38','2010-12-19 16:38:38'),(802,1,'20101027-2000270054','20101027',-2000,270054,'CAJERO VISA 4036..019',NULL,'2010-12-19 16:38:38','2010-12-19 16:38:38'),(803,1,'20101027-1241272054','20101027',-1241,272054,'HIPER ORIENTE   4036..019',NULL,'2010-12-19 16:38:39','2010-12-19 16:38:39'),(804,1,'20101026-2600273295','20101026',-2600,273295,'EL TALLER DE LA 4036..019',NULL,'2010-12-19 16:38:39','2010-12-19 16:38:39'),(805,1,'20101026-4771275895','20101026',-4771,275895,'52478208M -BL',NULL,'2010-12-19 16:38:39','2010-12-19 16:38:39'),(806,1,'20101025-4000280666','20101025',-4000,280666,'CAJERO VISA 4036..019',NULL,'2010-12-19 16:38:39','2010-12-19 16:38:39'),(807,1,'20101025-2000284666','20101025',-2000,284666,'CAJERO VISA 4036..019',NULL,'2010-12-19 16:38:39','2010-12-19 16:38:39'),(808,1,'20101022-2000286666','20101022',-2000,286666,'CAJERO VISA 4036..019',NULL,'2010-12-19 16:38:39','2010-12-19 16:38:39'),(809,1,'20101021-2000288666','20101021',-2000,288666,'CAJERO VISA 4036..019',NULL,'2010-12-19 16:38:39','2010-12-19 16:38:39'),(810,1,'20101020-2000290666','20101020',-2000,290666,'CAJERO VISA 4036..019',NULL,'2010-12-19 16:38:39','2010-12-19 16:38:39'),(811,1,'20101019-1600292666','20101019',-1600,292666,'TAQUILLA TEATRO 4036..019',NULL,'2010-12-19 16:38:39','2010-12-19 16:38:39');
/*!40000 ALTER TABLE `movements` ENABLE KEYS */;
UNLOCK TABLES;

--
-- Table structure for table `schema_migrations`
--

DROP TABLE IF EXISTS `schema_migrations`;
/*!40101 SET @saved_cs_client     = @@character_set_client */;
/*!40101 SET character_set_client = utf8 */;
CREATE TABLE `schema_migrations` (
  `version` varchar(255) COLLATE utf8_unicode_ci NOT NULL,
  UNIQUE KEY `unique_schema_migrations` (`version`)
) ENGINE=InnoDB DEFAULT CHARSET=utf8 COLLATE=utf8_unicode_ci;
/*!40101 SET character_set_client = @saved_cs_client */;

--
-- Dumping data for table `schema_migrations`
--

LOCK TABLES `schema_migrations` WRITE;
/*!40000 ALTER TABLE `schema_migrations` DISABLE KEYS */;
INSERT INTO `schema_migrations` VALUES ('20100407080800'),('20100407082144'),('20100407082207'),('20100407113919'),('20100408093842'),('20100413035812'),('20110214162712');
/*!40000 ALTER TABLE `schema_migrations` ENABLE KEYS */;
UNLOCK TABLES;

--
-- Table structure for table `taggings`
--

DROP TABLE IF EXISTS `taggings`;
/*!40101 SET @saved_cs_client     = @@character_set_client */;
/*!40101 SET character_set_client = utf8 */;
CREATE TABLE `taggings` (
  `id` int(11) NOT NULL AUTO_INCREMENT,
  `tag_id` int(11) DEFAULT NULL,
  `movement_id` int(11) DEFAULT NULL,
  `user_id` int(11) DEFAULT NULL,
  `created_at` datetime DEFAULT NULL,
  PRIMARY KEY (`id`),
  KEY `index_taggings_on_tag_id` (`tag_id`)
) ENGINE=InnoDB AUTO_INCREMENT=446 DEFAULT CHARSET=utf8 COLLATE=utf8_unicode_ci;
/*!40101 SET character_set_client = @saved_cs_client */;

--
-- Dumping data for table `taggings`
--

LOCK TABLES `taggings` WRITE;
/*!40000 ALTER TABLE `taggings` DISABLE KEYS */;
INSERT INTO `taggings` VALUES (3,7,547,NULL,'2010-04-12 16:00:36'),(4,9,547,NULL,'2010-04-12 16:00:47'),(5,7,543,NULL,'2010-04-12 16:00:56'),(6,7,542,NULL,'2010-04-12 16:00:59'),(7,7,531,NULL,'2010-04-12 16:01:02'),(8,8,543,NULL,'2010-04-12 16:01:24'),(9,8,542,NULL,'2010-04-12 16:01:26'),(10,8,531,NULL,'2010-04-12 16:01:28'),(11,7,530,NULL,'2010-04-12 16:01:32'),(12,8,530,NULL,'2010-04-12 16:01:34'),(13,14,553,NULL,'2010-04-13 06:36:15'),(15,15,383,NULL,'2010-04-13 21:16:47'),(16,4,382,NULL,'2010-04-13 21:17:39'),(17,4,381,NULL,'2010-04-13 21:17:51'),(19,16,380,NULL,'2010-04-13 21:18:06'),(20,17,379,NULL,'2010-04-13 21:18:53'),(21,17,377,NULL,'2010-04-13 21:19:04'),(22,17,378,NULL,'2010-04-13 21:19:08'),(23,17,375,NULL,'2010-04-13 21:19:12'),(24,17,376,NULL,'2010-04-13 21:19:38'),(25,17,374,NULL,'2010-04-13 21:19:45'),(26,17,368,NULL,'2010-04-13 21:21:58'),(27,20,373,NULL,'2010-04-13 21:22:10'),(28,18,373,NULL,'2010-04-13 21:22:17'),(29,17,373,NULL,'2010-04-13 21:22:24'),(30,17,371,NULL,'2010-04-13 21:22:57'),(31,17,370,NULL,'2010-04-13 21:23:05'),(32,17,372,NULL,'2010-04-13 21:23:12'),(33,17,369,NULL,'2010-04-13 21:23:19'),(34,10,612,3,'2010-04-13 22:49:11'),(35,10,611,3,'2010-04-13 22:49:11'),(36,10,610,3,'2010-04-13 22:49:11'),(37,14,613,3,'2010-04-13 22:49:17'),(38,11,609,3,'2010-04-13 22:49:23'),(39,12,605,3,'2010-04-13 22:49:47'),(40,12,604,3,'2010-04-13 22:49:47'),(41,12,597,3,'2010-04-13 22:50:12'),(42,12,593,3,'2010-04-13 22:50:12'),(43,12,592,3,'2010-04-13 22:50:12'),(44,22,600,3,'2010-04-13 22:51:04'),(45,10,603,3,'2010-04-13 22:51:37'),(46,10,602,3,'2010-04-13 22:51:37'),(47,10,601,3,'2010-04-13 22:51:37'),(48,10,599,3,'2010-04-13 22:51:37'),(49,10,598,3,'2010-04-13 22:51:37'),(50,10,596,3,'2010-04-13 22:51:37'),(51,10,595,3,'2010-04-13 22:51:37'),(52,10,594,3,'2010-04-13 22:51:37'),(53,10,591,3,'2010-04-13 22:51:37'),(54,10,590,3,'2010-04-13 22:51:37'),(55,10,589,3,'2010-04-13 22:51:37'),(56,10,588,3,'2010-04-13 22:51:37'),(57,10,587,3,'2010-04-13 22:51:37'),(58,10,586,3,'2010-04-13 22:51:37'),(59,10,585,3,'2010-04-13 22:51:37'),(60,10,584,3,'2010-04-13 22:51:37'),(61,10,583,3,'2010-04-13 22:51:37'),(62,10,582,3,'2010-04-13 22:51:37'),(63,10,580,3,'2010-04-13 22:51:37'),(64,10,579,3,'2010-04-13 22:51:37'),(65,14,581,3,'2010-04-13 22:51:51'),(66,10,578,3,'2010-04-13 22:52:57'),(67,10,577,3,'2010-04-13 22:52:57'),(68,10,576,3,'2010-04-13 22:52:57'),(69,10,575,3,'2010-04-13 22:52:57'),(70,10,574,3,'2010-04-13 22:52:57'),(71,10,573,3,'2010-04-13 22:53:08'),(72,10,572,3,'2010-04-13 22:53:08'),(73,10,571,3,'2010-04-13 22:53:08'),(74,10,570,3,'2010-04-13 22:53:08'),(75,10,569,3,'2010-04-13 22:53:08'),(76,10,568,3,'2010-04-13 22:53:08'),(77,10,566,3,'2010-04-13 22:53:08'),(78,14,567,3,'2010-04-13 22:53:14'),(79,10,565,3,'2010-04-13 22:53:47'),(80,10,564,3,'2010-04-13 22:53:47'),(81,10,563,3,'2010-04-13 22:53:47'),(82,10,562,3,'2010-04-13 22:53:47'),(83,10,561,3,'2010-04-13 22:53:47'),(84,10,560,3,'2010-04-13 22:53:47'),(85,10,559,3,'2010-04-13 22:53:47'),(86,10,558,3,'2010-04-13 22:53:47'),(87,10,557,3,'2010-04-13 22:53:47'),(88,10,556,3,'2010-04-13 22:53:47'),(89,10,555,3,'2010-04-13 22:53:47'),(90,10,554,3,'2010-04-13 22:53:47'),(92,11,552,3,'2010-04-13 22:54:27'),(93,17,384,3,'2010-04-13 22:54:52'),(94,20,367,3,'2010-04-13 22:55:13'),(95,18,367,3,'2010-04-13 23:01:24'),(96,17,367,3,'2010-04-13 23:01:27'),(97,20,366,3,'2010-04-13 23:01:37'),(98,21,366,3,'2010-04-13 23:01:42'),(99,23,365,3,'2010-04-13 23:03:56'),(100,21,364,3,'2010-04-13 23:04:23'),(101,4,363,3,'2010-04-13 23:04:38'),(102,4,362,3,'2010-04-13 23:04:38'),(103,20,361,3,'2010-04-13 23:04:49'),(104,20,360,3,'2010-04-13 23:04:49'),(105,21,361,3,'2010-04-13 23:04:55'),(106,21,360,3,'2010-04-13 23:04:55'),(107,20,359,3,'2010-04-13 23:05:07'),(108,17,359,3,'2010-04-13 23:05:10'),(109,21,359,3,'2010-04-13 23:05:16'),(110,25,358,3,'2010-04-13 23:05:48'),(111,26,357,3,'2010-04-13 23:07:17'),(112,19,357,3,'2010-04-13 23:07:23'),(113,25,356,3,'2010-04-13 23:07:48'),(114,20,355,3,'2010-04-13 23:07:54'),(115,23,354,3,'2010-04-13 23:09:01'),(116,23,353,3,'2010-04-13 23:09:01'),(117,17,354,3,'2010-04-13 23:09:38'),(118,17,353,3,'2010-04-13 23:09:38'),(119,20,352,3,'2010-04-13 23:09:59'),(120,20,351,3,'2010-04-13 23:09:59'),(121,27,352,3,'2010-04-13 23:10:10'),(122,17,352,3,'2010-04-13 23:10:14'),(123,18,352,3,'2010-04-13 23:10:20'),(124,21,351,3,'2010-04-13 23:10:29'),(126,20,350,3,'2010-04-13 23:11:22'),(127,21,350,3,'2010-04-13 23:11:25'),(128,4,349,3,'2010-04-13 23:11:33'),(129,4,348,3,'2010-04-13 23:11:33'),(130,17,349,3,'2010-04-13 23:11:36'),(131,19,348,3,'2010-04-13 23:11:46'),(132,16,347,3,'2010-04-13 23:11:58'),(133,20,346,3,'2010-04-13 23:12:49'),(134,20,345,3,'2010-04-13 23:12:49'),(135,18,346,3,'2010-04-13 23:12:53'),(136,18,345,3,'2010-04-13 23:12:53'),(137,17,346,3,'2010-04-13 23:12:55'),(138,17,345,3,'2010-04-13 23:12:55'),(139,19,346,3,'2010-04-13 23:12:59'),(140,19,345,3,'2010-04-13 23:12:59'),(141,6,344,3,'2010-04-13 23:13:11'),(142,25,344,3,'2010-04-13 23:13:15'),(143,16,343,3,'2010-04-13 23:13:25'),(144,24,341,3,'2010-04-13 23:13:35'),(145,19,341,3,'2010-04-13 23:13:39'),(146,27,340,3,'2010-04-13 23:13:56'),(147,17,340,3,'2010-04-13 23:14:02'),(148,20,339,3,'2010-04-13 23:14:12'),(149,20,338,3,'2010-04-13 23:14:12'),(150,17,339,3,'2010-04-13 23:14:19'),(151,17,338,3,'2010-04-13 23:14:19'),(152,18,339,3,'2010-04-13 23:14:21'),(153,18,338,3,'2010-04-13 23:14:21'),(154,20,342,3,'2010-04-13 23:14:37'),(155,17,342,3,'2010-04-13 23:14:42'),(156,18,342,3,'2010-04-13 23:14:46'),(157,20,330,3,'2010-04-13 23:15:22'),(158,20,329,3,'2010-04-13 23:15:22'),(159,20,328,3,'2010-04-13 23:15:22'),(160,20,327,3,'2010-04-13 23:15:22'),(161,17,330,3,'2010-04-13 23:15:25'),(162,17,329,3,'2010-04-13 23:15:25'),(163,17,328,3,'2010-04-13 23:15:25'),(164,17,327,3,'2010-04-13 23:15:25'),(165,18,330,3,'2010-04-13 23:15:28'),(166,18,329,3,'2010-04-13 23:15:28'),(167,18,328,3,'2010-04-13 23:15:28'),(168,18,327,3,'2010-04-13 23:15:28'),(169,24,332,3,'2010-04-13 23:15:43'),(170,24,331,3,'2010-04-13 23:15:43'),(171,19,332,3,'2010-04-13 23:15:47'),(172,19,331,3,'2010-04-13 23:15:47'),(173,20,333,3,'2010-04-13 23:16:13'),(174,4,337,3,'2010-04-13 23:16:25'),(175,4,336,3,'2010-04-13 23:16:25'),(176,17,337,3,'2010-04-13 23:16:36'),(177,19,336,3,'2010-04-13 23:16:54'),(178,20,335,3,'2010-04-13 23:17:04'),(179,20,334,3,'2010-04-13 23:17:04'),(180,4,326,3,'2010-04-13 23:24:10'),(181,4,325,3,'2010-04-13 23:24:10'),(182,28,323,3,'2010-04-13 23:28:14'),(184,18,323,3,'2010-04-13 23:28:22'),(186,20,324,3,'2010-04-13 23:28:42'),(187,20,322,3,'2010-04-13 23:28:50'),(188,20,321,3,'2010-04-13 23:29:04'),(189,20,320,3,'2010-04-13 23:29:04'),(190,28,319,3,'2010-04-13 23:29:35'),(191,20,318,3,'2010-04-13 23:29:57'),(192,20,317,3,'2010-04-13 23:30:29'),(193,20,316,3,'2010-04-13 23:30:29'),(194,20,313,3,'2010-04-13 23:30:29'),(195,20,312,3,'2010-04-13 23:30:29'),(196,20,311,3,'2010-04-13 23:30:29'),(197,20,310,3,'2010-04-13 23:30:29'),(198,20,308,3,'2010-04-13 23:30:29'),(199,27,315,3,'2010-04-13 23:31:01'),(200,27,314,3,'2010-04-13 23:31:01'),(201,17,315,3,'2010-04-13 23:31:06'),(202,18,314,3,'2010-04-13 23:31:12'),(203,25,309,3,'2010-04-13 23:31:24'),(204,4,6,3,'2010-04-13 23:33:13'),(205,4,5,3,'2010-04-13 23:33:13'),(206,4,4,3,'2010-04-13 23:33:13'),(207,18,4,3,'2010-04-13 23:33:20'),(208,17,5,3,'2010-04-13 23:33:26'),(209,19,6,3,'2010-04-13 23:33:31'),(210,29,3,3,'2010-04-13 23:34:15'),(211,29,2,3,'2010-04-13 23:34:15'),(212,29,1,3,'2010-04-13 23:34:15'),(213,20,3,3,'2010-04-13 23:34:37'),(214,20,2,3,'2010-04-13 23:34:37'),(215,20,1,3,'2010-04-13 23:34:37'),(216,17,3,3,'2010-04-13 23:34:40'),(217,17,2,3,'2010-04-13 23:34:40'),(218,17,1,3,'2010-04-13 23:34:40'),(219,18,3,3,'2010-04-13 23:34:43'),(220,18,2,3,'2010-04-13 23:34:43'),(221,18,1,3,'2010-04-13 23:34:43'),(222,4,307,3,'2010-04-14 17:23:27'),(223,4,306,3,'2010-04-14 17:23:27'),(224,4,297,3,'2010-04-14 17:23:27'),(225,4,296,3,'2010-04-14 17:23:27'),(226,4,295,3,'2010-04-14 17:23:27'),(227,4,289,3,'2010-04-14 17:23:27'),(228,4,288,3,'2010-04-14 17:23:27'),(229,4,286,3,'2010-04-14 17:23:27'),(230,4,282,3,'2010-04-14 17:23:27'),(231,4,281,3,'2010-04-14 17:23:27'),(232,4,280,3,'2010-04-14 17:23:27'),(233,4,273,3,'2010-04-14 17:23:27'),(234,4,272,3,'2010-04-14 17:23:27'),(235,4,263,3,'2010-04-14 17:23:27'),(236,4,262,3,'2010-04-14 17:23:27'),(237,4,255,3,'2010-04-14 17:23:27'),(238,4,254,3,'2010-04-14 17:23:27'),(239,4,253,3,'2010-04-14 17:23:27'),(240,4,247,3,'2010-04-14 17:23:27'),(241,4,246,3,'2010-04-14 17:23:27'),(242,4,245,3,'2010-04-14 17:23:27'),(243,4,235,3,'2010-04-14 17:23:27'),(244,4,234,3,'2010-04-14 17:23:27'),(245,4,233,3,'2010-04-14 17:23:27'),(246,20,301,3,'2010-04-14 17:39:12'),(247,27,301,3,'2010-04-14 17:39:16'),(248,17,301,3,'2010-04-14 17:39:21'),(249,18,301,3,'2010-04-14 17:39:29'),(250,20,300,3,'2010-04-14 17:39:45'),(251,19,300,3,'2010-04-14 17:39:54'),(252,25,211,3,'2010-04-14 17:41:25'),(253,25,213,3,'2010-04-14 17:41:40'),(254,6,213,3,'2010-04-14 17:41:50'),(256,4,228,3,'2010-04-14 17:42:33'),(257,4,227,3,'2010-04-14 17:42:33'),(258,4,226,3,'2010-04-14 17:42:33'),(259,18,226,3,'2010-04-14 17:42:41'),(260,17,227,3,'2010-04-14 17:42:46'),(261,19,228,3,'2010-04-14 17:42:51'),(262,6,232,3,'2010-04-14 17:43:20'),(263,6,229,3,'2010-04-14 17:43:20'),(264,25,232,3,'2010-04-14 17:43:25'),(265,25,229,3,'2010-04-14 17:43:25'),(266,31,238,3,'2010-04-14 17:43:38'),(267,19,238,3,'2010-04-14 17:43:43'),(268,20,240,3,'2010-04-14 17:43:54'),(269,21,240,3,'2010-04-14 17:43:58'),(270,25,241,3,'2010-04-14 17:44:14'),(271,18,245,3,'2010-04-14 17:44:24'),(272,17,246,3,'2010-04-14 17:44:29'),(273,19,247,3,'2010-04-14 17:44:34'),(274,17,249,3,'2010-04-14 17:44:44'),(275,20,249,3,'2010-04-14 17:46:15'),(276,20,248,3,'2010-04-14 17:46:20'),(277,27,248,3,'2010-04-14 17:46:26'),(279,31,243,3,'2010-04-14 17:46:46'),(281,19,243,3,'2010-04-14 17:46:50'),(284,31,266,3,'2010-04-14 17:47:32'),(286,31,265,3,'2010-04-14 17:47:57'),(287,19,265,3,'2010-04-14 17:48:01'),(288,19,266,3,'2010-04-14 17:48:07'),(289,32,269,3,'2010-04-14 17:53:46'),(290,32,268,3,'2010-04-14 17:53:46'),(291,17,269,3,'2010-04-14 17:53:52'),(292,17,268,3,'2010-04-14 17:53:52'),(293,20,270,3,'2010-04-14 17:54:12'),(294,20,267,3,'2010-04-14 17:54:12'),(295,20,271,3,'2010-04-14 17:54:24'),(296,23,222,3,'2010-04-14 17:56:10'),(297,23,220,3,'2010-04-14 17:56:10'),(298,17,222,3,'2010-04-14 17:56:13'),(299,17,220,3,'2010-04-14 17:56:13'),(300,20,223,3,'2010-04-14 17:56:30'),(301,15,646,3,'2010-05-28 13:49:37'),(302,19,646,3,'2010-05-28 13:49:40'),(303,20,649,3,'2010-05-28 13:56:51'),(304,17,651,3,'2010-05-28 13:57:03'),(305,17,654,3,'2010-05-28 13:57:31'),(306,14,637,3,'2010-05-28 13:58:34'),(307,12,641,3,'2010-05-28 13:58:41'),(308,17,645,3,'2010-05-28 14:02:02'),(309,17,644,3,'2010-05-28 14:02:02'),(312,6,643,3,'2010-05-28 14:35:23'),(313,17,648,3,'2010-05-28 14:35:45'),(314,17,647,3,'2010-05-28 14:35:45'),(315,17,650,3,'2010-05-28 14:35:52'),(316,17,655,3,'2010-05-28 15:39:22'),(317,17,656,3,'2010-05-28 15:39:22'),(318,23,655,3,'2010-05-28 15:39:28'),(319,23,656,3,'2010-05-28 15:39:28'),(320,4,653,3,'2010-05-28 15:39:40'),(321,4,652,3,'2010-05-28 15:39:40'),(322,6,657,3,'2010-05-28 15:39:55'),(323,21,659,3,'2010-05-28 15:40:27'),(324,21,658,3,'2010-05-28 15:40:27'),(325,10,642,3,'2010-05-28 16:00:54'),(326,10,640,3,'2010-05-28 16:00:54'),(327,10,639,3,'2010-05-28 16:00:54'),(328,10,638,3,'2010-05-28 16:00:54'),(329,10,636,3,'2010-05-28 16:00:54'),(330,10,635,3,'2010-05-28 16:00:54'),(331,10,634,3,'2010-05-28 16:00:54'),(332,10,633,3,'2010-05-28 16:00:54'),(333,10,632,3,'2010-05-28 16:00:54'),(334,10,631,3,'2010-05-28 16:00:54'),(335,10,630,3,'2010-05-28 16:00:54'),(336,10,629,3,'2010-05-28 16:00:54'),(337,10,608,3,'2010-05-28 16:02:17'),(338,10,607,3,'2010-05-28 16:02:17'),(339,10,606,3,'2010-05-28 16:02:17'),(340,10,628,3,'2010-05-28 16:03:10'),(341,10,627,3,'2010-05-28 16:03:10'),(342,10,626,3,'2010-05-28 16:03:10'),(343,10,624,3,'2010-05-28 16:03:10'),(344,10,623,3,'2010-05-28 16:03:10'),(345,10,622,3,'2010-05-28 16:03:10'),(346,10,621,3,'2010-05-28 16:03:10'),(347,10,620,3,'2010-05-28 16:03:10'),(348,10,619,3,'2010-05-28 16:03:10'),(349,10,618,3,'2010-05-28 16:03:10'),(350,10,617,3,'2010-05-28 16:03:10'),(351,10,615,3,'2010-05-28 16:03:10'),(352,10,614,3,'2010-05-28 16:03:10'),(353,15,660,3,'2010-05-28 16:13:37'),(354,27,661,3,'2010-05-28 16:13:49'),(355,17,661,3,'2010-05-28 16:13:56'),(356,19,660,3,'2010-05-28 16:15:35'),(357,33,651,3,'2010-05-28 16:16:41'),(358,33,654,3,'2010-05-28 16:18:19'),(359,10,663,3,'2010-06-15 00:33:57'),(360,10,662,3,'2010-06-15 00:33:57'),(361,10,664,3,'2010-06-15 00:33:57'),(362,10,666,3,'2010-06-15 00:34:40'),(363,14,665,3,'2010-06-15 00:34:54'),(364,35,616,3,'2010-06-15 00:37:09'),(365,10,668,3,'2010-06-30 21:08:19'),(366,10,669,3,'2010-06-30 21:08:19'),(367,10,670,3,'2010-06-30 21:08:19'),(368,10,673,3,'2010-06-30 21:08:19'),(369,10,672,3,'2010-06-30 21:08:19'),(370,10,671,3,'2010-06-30 21:08:19'),(371,10,676,3,'2010-06-30 21:08:19'),(372,10,677,3,'2010-06-30 21:08:19'),(373,10,679,3,'2010-06-30 21:08:19'),(374,10,680,3,'2010-06-30 21:08:19'),(375,35,674,3,'2010-06-30 21:08:36'),(376,35,678,3,'2010-06-30 21:08:36'),(377,12,675,3,'2010-06-30 21:08:41'),(378,22,691,3,'2010-07-15 15:15:02'),(379,14,708,3,'2010-08-12 07:33:19'),(380,22,703,3,'2010-08-12 07:33:35'),(381,10,693,3,'2010-08-12 07:34:00'),(382,10,694,3,'2010-08-12 07:34:00'),(383,10,696,3,'2010-08-12 07:34:00'),(384,10,695,3,'2010-08-12 07:34:00'),(385,10,697,3,'2010-08-12 07:34:00'),(386,10,698,3,'2010-08-12 07:34:00'),(387,10,700,3,'2010-08-12 07:34:00'),(388,10,699,3,'2010-08-12 07:34:00'),(389,10,702,3,'2010-08-12 07:34:00'),(390,10,701,3,'2010-08-12 07:34:00'),(391,10,704,3,'2010-08-12 07:34:00'),(392,10,706,3,'2010-08-12 07:34:00'),(393,10,705,3,'2010-08-12 07:34:00'),(394,10,707,3,'2010-08-12 07:34:00'),(395,10,709,3,'2010-08-12 07:34:00'),(396,14,712,3,'2010-10-12 13:17:44'),(397,12,713,3,'2010-10-12 13:17:50'),(399,14,739,3,'2010-10-12 13:18:27'),(402,14,747,3,'2010-10-12 13:18:35'),(403,10,711,3,'2010-10-12 13:19:30'),(404,10,710,3,'2010-10-12 13:19:30'),(405,10,715,3,'2010-10-12 13:19:30'),(406,10,714,3,'2010-10-12 13:19:30'),(407,10,717,3,'2010-10-12 13:19:30'),(408,10,716,3,'2010-10-12 13:19:30'),(409,10,719,3,'2010-10-12 13:19:30'),(410,10,720,3,'2010-10-12 13:19:30'),(411,10,722,3,'2010-10-12 13:19:30'),(412,10,721,3,'2010-10-12 13:19:30'),(413,10,723,3,'2010-10-12 13:19:30'),(414,10,725,3,'2010-10-12 13:19:30'),(415,10,724,3,'2010-10-12 13:19:30'),(416,10,727,3,'2010-10-12 13:19:30'),(417,10,728,3,'2010-10-12 13:19:30'),(418,10,729,3,'2010-10-12 13:19:30'),(419,10,730,3,'2010-10-12 13:19:30'),(420,10,731,3,'2010-10-12 13:19:30'),(421,10,732,3,'2010-10-12 13:19:30'),(422,10,734,3,'2010-10-12 13:19:30'),(423,10,733,3,'2010-10-12 13:19:30'),(424,10,735,3,'2010-10-12 13:19:30'),(425,10,736,3,'2010-10-12 13:19:30'),(426,10,738,3,'2010-10-12 13:19:30'),(427,10,737,3,'2010-10-12 13:19:30'),(428,10,740,3,'2010-10-12 13:19:30'),(429,10,742,3,'2010-10-12 13:19:30'),(430,10,741,3,'2010-10-12 13:19:30'),(431,10,743,3,'2010-10-12 13:19:31'),(432,10,744,3,'2010-10-12 13:19:31'),(433,10,746,3,'2010-10-12 13:19:31'),(434,10,745,3,'2010-10-12 13:19:31'),(435,10,748,3,'2010-10-12 13:19:31'),(436,10,749,3,'2010-10-12 13:19:31'),(437,10,750,3,'2010-10-12 13:19:31'),(438,10,772,3,'2010-10-17 19:51:50'),(439,10,771,3,'2010-10-17 19:51:50'),(440,10,774,3,'2010-10-17 19:51:50'),(441,10,773,3,'2010-10-17 19:51:50'),(442,35,775,3,'2010-10-17 19:52:00'),(443,11,778,3,'2010-12-19 16:41:46'),(444,11,780,3,'2010-12-19 16:42:20'),(445,11,781,3,'2010-12-19 16:42:37');
/*!40000 ALTER TABLE `taggings` ENABLE KEYS */;
UNLOCK TABLES;

--
-- Table structure for table `tags`
--

DROP TABLE IF EXISTS `tags`;
/*!40101 SET @saved_cs_client     = @@character_set_client */;
/*!40101 SET character_set_client = utf8 */;
CREATE TABLE `tags` (
  `id` int(11) NOT NULL AUTO_INCREMENT,
  `name` varchar(255) COLLATE utf8_unicode_ci DEFAULT NULL,
  `color` varchar(255) COLLATE utf8_unicode_ci DEFAULT '#E1E4E4',
  `account_id` int(11) DEFAULT NULL,
  `size` int(11) DEFAULT '0',
  PRIMARY KEY (`id`)
) ENGINE=InnoDB AUTO_INCREMENT=36 DEFAULT CHARSET=utf8 COLLATE=utf8_unicode_ci;
/*!40101 SET character_set_client = @saved_cs_client */;

--
-- Dumping data for table `tags`
--

LOCK TABLES `tags` WRITE;
/*!40000 ALTER TABLE `tags` DISABLE KEYS */;
INSERT INTO `tags` VALUES (4,'C: Autónomos','#ea4392',3,42),(6,'C: Gestoría','#87e8e8',3,6),(10,'Gastos','#fff77a',1,143),(11,'Lasbuenasnoches','#de94f0',1,6),(12,'Shapiros','#96c7f8',1,8),(14,'Alquiler','#b3efef',1,10),(15,'T: Surevine','#3eef89',3,3),(16,'T: Booka','#3eef89',3,3),(17,'P: Omi','#bee4e4',3,53),(18,'P: Teresa','#bee4cb',3,21),(19,'P: Dani','#e0e4be',3,18),(20,'A: Revisar!','#f51427',3,47),(21,'C: Impuestos','#fe1bea',3,10),(22,'Teléfono','#f4d17c',1,3),(23,'T: Solidaridad','#3eef89',3,7),(24,'T: E3E','#3eef89',3,3),(25,'C: Gastos calc','#ab80f4',3,9),(26,'T: Panaderos','#3eef89',3,1),(27,'C: Teléfono','#f4e5f5',3,7),(28,'T: Unia','#3eef89',3,2),(29,'T: BL?','#3eef89',3,3),(30,'T: Novaron','#6ae052',3,0),(31,'T: Curso Ruby','#6ae052',3,4),(32,'T: Femigrama','#8fd17a',3,2),(33,'T: Uni sevilla','#1df742',3,2),(34,'C: Deuda','#E1E4E4',3,0),(35,'Trabajo','#146ddb',1,4);
/*!40000 ALTER TABLE `tags` ENABLE KEYS */;
UNLOCK TABLES;

--
-- Table structure for table `users`
--

DROP TABLE IF EXISTS `users`;
/*!40101 SET @saved_cs_client     = @@character_set_client */;
/*!40101 SET character_set_client = utf8 */;
CREATE TABLE `users` (
  `id` int(11) NOT NULL AUTO_INCREMENT,
  `name` varchar(255) COLLATE utf8_unicode_ci DEFAULT NULL,
  `login` varchar(255) COLLATE utf8_unicode_ci DEFAULT NULL,
  `crypted_password` varchar(255) COLLATE utf8_unicode_ci DEFAULT NULL,
  `password_salt` varchar(255) COLLATE utf8_unicode_ci DEFAULT NULL,
  `persistence_token` varchar(255) COLLATE utf8_unicode_ci DEFAULT NULL,
  `login_count` int(11) DEFAULT NULL,
  `last_login_at` datetime DEFAULT NULL,
  `current_login_at` datetime DEFAULT NULL,
  `last_login_ip` varchar(255) COLLATE utf8_unicode_ci DEFAULT NULL,
  `current_login_ip` varchar(255) COLLATE utf8_unicode_ci DEFAULT NULL,
  `created_at` datetime DEFAULT NULL,
  `updated_at` datetime DEFAULT NULL,
  PRIMARY KEY (`id`)
) ENGINE=InnoDB AUTO_INCREMENT=5 DEFAULT CHARSET=utf8 COLLATE=utf8_unicode_ci;
/*!40101 SET character_set_client = @saved_cs_client */;

--
-- Dumping data for table `users`
--

LOCK TABLES `users` WRITE;
/*!40000 ALTER TABLE `users` DISABLE KEYS */;
INSERT INTO `users` VALUES (1,'Omi','omi@calcaxy.com','0f50c00e6b9a0b660e531c112163acc6429b7f5c72153243cb11550a26e2382bfc08005b91ad84313234fbbfa15a0f068e80dfa6ed4bf4e0da88e8dd85ef72b6','64S5i7hPB4Lp_haXC3TQ','4f6960b44cb07d81db2891c668be0414ba8d0cc747a8e30b450fa88497c474de16c1a5a72e76a9b5124f43e34329809c9063ecd2a312e53b185e65bd128d1057',3,'2010-04-13 08:27:08','2010-04-13 08:27:15','109.116.150.176','109.116.150.176','2010-04-08 11:40:57','2010-04-13 08:27:15'),(2,'Malex','malex@calcaxy.com','82356b1931c40cf4be5d5c80e61f132c58c890434b8b23156691b175be1cbcdbbafd4c042ced3270efe756319076e41eabacf8e3cdc694dffdb363401c620e6f','k_ZLBSkcP2V9ClQ652-o','d6ad2154b132daf099ec99b06c12cfaff4318948ec766956aea9e48e9c4adfcd976cce9ea9a4f22055ad3e315f78228d9875b0a4fc1f387761391866ccd9f600',3,'2010-04-13 10:21:06','2010-04-13 10:21:14','92.105.54.143','92.105.54.143','2010-04-08 11:40:57','2010-04-13 10:21:14'),(3,'Dani','danigb@gmail.com','8e1242403bd5b8fe9e38e853128440e1dce2fe6fc09e9f984105b02a1fa5c4249e06fe1330e06ff3504790e3a9b5665209ad3ca5384c929059aed2ba40d26532','fC3fVcekAgrbLQjAMNiz','53aaac6d06ff41ac8e1197e05a62253725b066bb01747373367462239a8a67a6d6a264e929d80b7c2766434d03fc9eae4cfd15dfbfab942c6550f29a3a67c0cd',28,'2011-01-28 11:07:11','2011-01-30 20:56:40','95.20.105.59','95.20.105.59','2010-04-08 11:40:57','2011-01-30 20:56:40'),(4,'Tere','teresa@calcaxy.com','cc179656b961234a3eeb55070f0fd04f49f3468c0651a7386a5cc9b50f7933240528fa1bfcd98322dac845eb0019a6438bad6d5266525be907f8e874a4650715','OKxD0c_J9QiZ3s-qpla_','df703a3a6a3b6ef85f86a3c77ee13eeae05c1071e8ef136095ff6eb89065e277dfd784dc706dd5a8e01be1cb1a7dce9770aa6cc8ab0bacd3ee37aebf5874fd24',1,NULL,'2010-04-12 07:48:27',NULL,'88.84.3.133','2010-04-08 11:40:57','2010-04-12 07:48:27');
/*!40000 ALTER TABLE `users` ENABLE KEYS */;
UNLOCK TABLES;
/*!40103 SET TIME_ZONE=@OLD_TIME_ZONE */;

/*!40101 SET SQL_MODE=@OLD_SQL_MODE */;
/*!40014 SET FOREIGN_KEY_CHECKS=@OLD_FOREIGN_KEY_CHECKS */;
/*!40014 SET UNIQUE_CHECKS=@OLD_UNIQUE_CHECKS */;
/*!40101 SET CHARACTER_SET_CLIENT=@OLD_CHARACTER_SET_CLIENT */;
/*!40101 SET CHARACTER_SET_RESULTS=@OLD_CHARACTER_SET_RESULTS */;
/*!40101 SET COLLATION_CONNECTION=@OLD_COLLATION_CONNECTION */;
/*!40111 SET SQL_NOTES=@OLD_SQL_NOTES */;

-- Dump completed on 2011-02-14 17:34:52
